"../../../Engine/Plugins/2D/Paper2D/Content/PlaceholderTextures/DummySpriteTexture.ubulk" 0
"../../../Engine/Plugins/2D/Paper2D/Content/PlaceholderTextures/DummySpriteTexture.uexp" 1
"../../../Engine/Plugins/2D/Paper2D/Content/PlaceholderTextures/DummySpriteTexture.uasset" 2
"../../../Engine/Plugins/2D/Paper2D/Content/DummySprite.uexp" 3
"../../../Engine/Plugins/2D/Paper2D/Content/DummySprite.uasset" 4
"../../../Engine/Plugins/2D/Paper2D/Content/DefaultPaperTerrainMaterial.uexp" 5
"../../../Engine/Plugins/2D/Paper2D/Content/DefaultPaperTerrainMaterial.uasset" 6
"../../../Engine/Content/Animation/DefaultRecorderBoneCompression.uasset" 7
"../../../Engine/Content/Animation/DefaultRecorderBoneCompression.uexp" 8
"../../../Engine/Content/EngineSounds/Master.uexp" 9
"../../../Engine/Content/EngineSounds/Master.uasset" 10
"../../../Engine/Content/EngineMaterials/DefaultDestructiblePhysicalMaterial.uexp" 11
"../../../Engine/Content/EngineMaterials/DefaultDestructiblePhysicalMaterial.uasset" 12
"../../../Engine/Content/EngineMaterials/DefaultPhysicalMaterial.uexp" 13
"../../../Engine/Content/EngineMaterials/DefaultPhysicalMaterial.uasset" 14
"../../../Engine/Content/EngineFonts/Faces/DroidSansMono.uexp" 15
"../../../Engine/Content/EngineFonts/Faces/DroidSansMono.ufont" 16
"../../../Engine/Content/EngineFonts/Faces/DroidSansMono.uasset" 17
"../../../Engine/Content/EngineFonts/Faces/DroidSansFallback.uexp" 18
"../../../Engine/Content/EngineFonts/Faces/DroidSansFallback.ufont" 19
"../../../Engine/Content/EngineFonts/Faces/DroidSansFallback.uasset" 20
"../../../Engine/Content/EngineFonts/DroidSansMono.uexp" 21
"../../../Engine/Content/EngineFonts/DroidSansMono.uasset" 22
"../../../Engine/Content/EngineFonts/Faces/RobotoBoldItalic.uexp" 23
"../../../Engine/Content/EngineFonts/Faces/RobotoBoldItalic.uasset" 24
"../../../Engine/Content/EngineFonts/Faces/RobotoBoldItalic.ufont" 25
"../../../Engine/Content/EngineFonts/Faces/RobotoRegular.ufont" 26
"../../../Engine/Content/EngineFonts/Faces/RobotoRegular.uexp" 27
"../../../Engine/Content/EngineFonts/Faces/RobotoRegular.uasset" 28
"../../../Engine/Content/EngineFonts/Faces/RobotoLight.ufont" 29
"../../../Engine/Content/EngineFonts/Faces/RobotoLight.uasset" 30
"../../../Engine/Content/EngineFonts/Faces/RobotoLight.uexp" 31
"../../../Engine/Content/EngineFonts/Faces/RobotoBold.ufont" 32
"../../../Engine/Content/EngineFonts/Faces/RobotoBold.uasset" 33
"../../../Engine/Content/EngineFonts/Faces/RobotoBold.uexp" 34
"../../../Engine/Content/EngineFonts/Faces/RobotoItalic.uexp" 35
"../../../Engine/Content/EngineFonts/Faces/RobotoItalic.uasset" 36
"../../../Engine/Content/EngineFonts/Faces/RobotoItalic.ufont" 37
"../../../Engine/Content/EngineFonts/Roboto.uasset" 38
"../../../Engine/Content/EngineFonts/Roboto.uexp" 39
"../../../Engine/Plugins/PCG/Content/ComputeSources/PCGCS_ShaderUtils.uexp" 40
"../../../Engine/Plugins/PCG/Content/ComputeSources/PCGCS_ShaderUtils.uasset" 41
"../../../Engine/Plugins/PCG/Content/ComputeSources/PCGCS_Quaternion.uexp" 42
"../../../Engine/Plugins/PCG/Content/ComputeSources/PCGCS_Quaternion.uasset" 43
"../../../Engine/Plugins/PCG/Content/ComputeSources/PCGCS_ShaderUtilsInternal.uasset" 44
"../../../Engine/Plugins/PCG/Content/ComputeSources/PCGCS_ShaderUtilsInternal.uexp" 45
"../../../Engine/Plugins/Experimental/Water/Content/Waves/GerstnerWaves_Ocean.uexp" 46
"../../../Engine/Plugins/Experimental/Water/Content/Waves/GerstnerWaves_Ocean.uasset" 47
"../../../Engine/Plugins/Experimental/Water/Content/Waves/GerstnerWaves_Lake.uasset" 48
"../../../Engine/Plugins/Experimental/Water/Content/Waves/GerstnerWaves_Lake.uexp" 49
"../../../Engine/Plugins/Animation/ControlRig/Content/Controls/DefaultGizmoLibraryNormalized.uasset" 50
"../../../Engine/Plugins/Animation/ControlRig/Content/Controls/DefaultGizmoLibraryNormalized.uexp" 51
"../../../Engine/Plugins/Experimental/Water/Content/Materials/MPC/MPC_Water.uexp" 52
"../../../Engine/Plugins/Experimental/Water/Content/Materials/MPC/MPC_Water.uasset" 53
"../../../Engine/Content/EngineResources/GradientTexture0.uasset" 54
"../../../Engine/Content/EngineResources/GradientTexture0.uexp" 55
"../../../Engine/Content/EngineResources/Black.uasset" 56
"../../../Engine/Content/EngineResources/Black.uexp" 57
"../../../Engine/Content/EditorResources/S_Actor.ubulk" 58
"../../../Engine/Content/EditorResources/S_Actor.uasset" 59
"../../../Engine/Content/EditorResources/S_Actor.uexp" 60
"../../../Engine/Content/Functions/Engine_MaterialFunctions02/WorldPositionOffset/CameraOffset.uasset" 61
"../../../Engine/Content/Functions/Engine_MaterialFunctions02/WorldPositionOffset/CameraOffset.uexp" 62
"../../../Engine/Plugins/Animation/ControlRig/Content/M_Manip.uasset" 63
"../../../Engine/Plugins/Animation/ControlRig/Content/M_Manip.uexp" 64
"../../../Engine/Content/EngineResources/DefaultTexture.uasset" 65
"../../../Engine/Content/EngineResources/DefaultTexture.ubulk" 66
"../../../Engine/Content/EngineResources/DefaultTexture.uexp" 67
"../../../Engine/Content/EngineMaterials/BaseFlattenEmissiveMap_VT.uexp" 68
"../../../Engine/Content/EngineMaterials/BaseFlattenEmissiveMap_VT.ubulk" 69
"../../../Engine/Content/EngineMaterials/BaseFlattenEmissiveMap_VT.uasset" 70
"../../../Engine/Content/EngineMaterials/BaseFlattenLinearColor_VT.uasset" 71
"../../../Engine/Content/EngineMaterials/BaseFlattenLinearColor_VT.uexp" 72
"../../../Engine/Content/EngineMaterials/BaseFlattenLinearColor_VT.ubulk" 73
"../../../Engine/Content/EngineMaterials/BaseFlattenDiffuseMap_VT.ubulk" 74
"../../../Engine/Content/EngineMaterials/BaseFlattenDiffuseMap_VT.uasset" 75
"../../../Engine/Content/EngineMaterials/BaseFlattenDiffuseMap_VT.uexp" 76
"../../../Engine/Content/EngineMaterials/BaseFlattenGrayscaleMap_VT.uasset" 77
"../../../Engine/Content/EngineMaterials/BaseFlattenGrayscaleMap_VT.uexp" 78
"../../../Engine/Content/EngineMaterials/BaseFlattenGrayscaleMap_VT.ubulk" 79
"../../../Engine/Content/EngineMaterials/BaseFlattenNormalMap_VT.uasset" 80
"../../../Engine/Content/EngineMaterials/BaseFlattenNormalMap_VT.uexp" 81
"../../../Engine/Content/EngineMaterials/BaseFlattenNormalMap_VT.ubulk" 82
"../../../Engine/Content/EngineMaterials/Black_1x1_EXR_Texture_VT.uasset" 83
"../../../Engine/Content/EngineMaterials/Black_1x1_EXR_Texture_VT.uexp" 84
"../../../Engine/Content/EngineMaterials/Black_1x1_EXR_Texture_VT.ubulk" 85
"../../../Engine/Content/EngineMaterials/FlattenMaterial_WS_Normal_VT.uexp" 86
"../../../Engine/Content/EngineMaterials/FlattenMaterial_WS_Normal_VT.uasset" 87
"../../../Engine/Content/EngineMaterials/RemoveSurfaceMaterial.uexp" 88
"../../../Engine/Content/EngineMaterials/RemoveSurfaceMaterial.uasset" 89
"../../../Engine/Content/EngineMaterials/FastBlueNoise_scalar_128x128x8.uexp" 90
"../../../Engine/Content/EngineMaterials/FastBlueNoise_scalar_128x128x8.uasset" 91
"../../../Engine/Content/EngineMaterials/NaniteHiddenSectionMaterial.uexp" 92
"../../../Engine/Content/EngineMaterials/NaniteHiddenSectionMaterial.uasset" 93
"../../../Engine/Content/EngineMaterials/FlattenMaterial_VT.uexp" 94
"../../../Engine/Content/EngineMaterials/FlattenMaterial_VT.uasset" 95
"../../../Engine/Content/EngineMaterials/GizmoMaterial.uexp" 96
"../../../Engine/Content/EngineMaterials/GizmoMaterial.uasset" 97
"../../../Engine/Content/EngineMaterials/DefaultBokeh.uexp" 98
"../../../Engine/Content/EngineMaterials/DefaultBokeh.uasset" 99
"../../../Engine/Content/EngineMaterials/DefaultCalibrationGrayscale.uexp" 100
"../../../Engine/Content/EngineMaterials/DefaultCalibrationGrayscale.uasset" 101
"../../../Engine/Content/EngineMaterials/PPM_DefaultCalibrationGrayscale.uexp" 102
"../../../Engine/Content/EngineMaterials/PPM_DefaultCalibrationGrayscale.uasset" 103
"../../../Engine/Content/EngineMaterials/MiniFont.uexp" 104
"../../../Engine/Content/EngineMaterials/MiniFont.uasset" 105
"../../../Engine/Content/Functions/Engine_MaterialFunctions02/Utility/BreakOutFloat2Components.uexp" 106
"../../../Engine/Content/Functions/Engine_MaterialFunctions02/Utility/BreakOutFloat2Components.uasset" 107
"../../../Engine/Content/EngineMaterials/DefaultDiffuse.uasset" 108
"../../../Engine/Content/EngineMaterials/DefaultDiffuse.uexp" 109
"../../../Engine/Content/EngineMaterials/DefaultDiffuse.ubulk" 110
"../../../Engine/Content/EngineMaterials/DefaultPostProcessMaterial.uexp" 111
"../../../Engine/Content/EngineMaterials/DefaultPostProcessMaterial.uasset" 112
"../../../Engine/Content/EngineMaterials/DefaultCalibrationColor.uasset" 113
"../../../Engine/Content/EngineMaterials/DefaultCalibrationColor.uexp" 114
"../../../Engine/Content/EngineMaterials/PPM_DefaultCalibrationColor.uasset" 115
"../../../Engine/Content/EngineMaterials/PPM_DefaultCalibrationColor.uexp" 116
"../../../Engine/Content/EngineMaterials/PhAT_JointLimitMaterial.uexp" 117
"../../../Engine/Content/EngineMaterials/PhAT_JointLimitMaterial.uasset" 118
"../../../Engine/Content/EngineMaterials/DefaultWhiteGrid.uasset" 119
"../../../Engine/Content/EngineMaterials/DefaultWhiteGrid.uexp" 120
"../../../Engine/Content/EngineMaterials/DefaultWhiteGrid.ubulk" 121
"../../../Engine/Content/EngineMaterials/BaseFlattenNormalMap.uexp" 122
"../../../Engine/Content/EngineMaterials/BaseFlattenNormalMap.uasset" 123
"../../../Engine/Content/EngineMaterials/BaseFlattenEmissiveMap.uexp" 124
"../../../Engine/Content/EngineMaterials/BaseFlattenEmissiveMap.uasset" 125
"../../../Engine/Content/EngineMaterials/BaseFlattenDiffuseMap.uasset" 126
"../../../Engine/Content/EngineMaterials/BaseFlattenDiffuseMap.uexp" 127
"../../../Engine/Content/EngineMaterials/BaseFlattenGrayscaleMap.uexp" 128
"../../../Engine/Content/EngineMaterials/BaseFlattenGrayscaleMap.uasset" 129
"../../../Engine/Content/EngineMaterials/BaseFlattenLinearColor.uasset" 130
"../../../Engine/Content/EngineMaterials/BaseFlattenLinearColor.uexp" 131
"../../../Engine/Content/Functions/Engine_MaterialFunctions02/PivotPainter2/Black_1x1_EXR_Texture.uasset" 132
"../../../Engine/Content/Functions/Engine_MaterialFunctions02/PivotPainter2/Black_1x1_EXR_Texture.uexp" 133
"../../../Engine/Content/EngineMaterials/FlattenMaterial.uexp" 134
"../../../Engine/Content/EngineMaterials/FlattenMaterial.uasset" 135
"../../../Engine/Content/EngineMaterials/DefaultWhiteGrid_Low.uasset" 136
"../../../Engine/Content/EngineMaterials/DefaultWhiteGrid_Low.uexp" 137
"../../../Engine/Content/EngineMaterials/EmissiveMeshMaterial.uexp" 138
"../../../Engine/Content/EngineMaterials/EmissiveMeshMaterial.uasset" 139
"../../../Engine/Content/EngineMaterials/PreintegratedSkinBRDF.uasset" 140
"../../../Engine/Content/EngineMaterials/PreintegratedSkinBRDF.uexp" 141
"../../../Engine/Content/EngineMaterials/DefaultDeferredDecalMaterial.uasset" 142
"../../../Engine/Content/EngineMaterials/DefaultDeferredDecalMaterial.uexp" 143
"../../../Engine/Content/EngineMaterials/FastBlueNoise_scalar_128x128x64.uasset" 144
"../../../Engine/Content/EngineMaterials/FastBlueNoise_scalar_128x128x64.uexp" 145
"../../../Engine/Content/EngineMaterials/InvalidLightmapSettings.uexp" 146
"../../../Engine/Content/EngineMaterials/InvalidLightmapSettings.ubulk" 147
"../../../Engine/Content/EngineMaterials/InvalidLightmapSettings.uasset" 148
"../../../Engine/Content/EngineMaterials/M_InvalidLightmapSettings.uasset" 149
"../../../Engine/Content/EngineMaterials/M_InvalidLightmapSettings.uexp" 150
"../../../Engine/Content/EngineMaterials/DefaultLightFunctionMaterial.uasset" 151
"../../../Engine/Content/EngineMaterials/DefaultLightFunctionMaterial.uexp" 152
"../../../Engine/Content/EngineMaterials/FastBlueNoise_vec2_128x128x64.uasset" 153
"../../../Engine/Content/EngineMaterials/FastBlueNoise_vec2_128x128x64.uexp" 154
"../../../Engine/Content/EngineMaterials/DefaultBloomKernel.uasset" 155
"../../../Engine/Content/EngineMaterials/DefaultBloomKernel.uexp" 156
"../../../Engine/Content/EngineFonts/RobotoDistanceField.uasset" 157
"../../../Engine/Content/EngineFonts/RobotoDistanceField.uexp" 158
"../../../Engine/Content/EngineMaterials/DefaultTextMaterialOpaque.uasset" 159
"../../../Engine/Content/EngineMaterials/DefaultTextMaterialOpaque.uexp" 160
"../../../Engine/Content/EngineDebugMaterials/M_SimpleUnlitTranslucent.uexp" 161
"../../../Engine/Content/EngineDebugMaterials/M_SimpleUnlitTranslucent.uasset" 162
"../../../Engine/Content/EngineDebugMaterials/DebugMeshMaterial.uexp" 163
"../../../Engine/Content/EngineDebugMaterials/DebugMeshMaterial.uasset" 164
"../../../Engine/Content/EngineDebugMaterials/DebugEditorMaterial.uexp" 165
"../../../Engine/Content/EngineDebugMaterials/DebugEditorMaterial.uasset" 166
"../../../Engine/Content/Functions/Engine_MaterialFunctions02/Utility/CameraDirectionVector.uasset" 167
"../../../Engine/Content/Functions/Engine_MaterialFunctions02/Utility/CameraDirectionVector.uexp" 168
"../../../Engine/Content/EngineDebugMaterials/VolumeToRender.uexp" 169
"../../../Engine/Content/EngineDebugMaterials/VolumeToRender.uasset" 170
"../../../Engine/Content/EngineDebugMaterials/M_VolumeRenderSphereTracePP.uasset" 171
"../../../Engine/Content/EngineDebugMaterials/M_VolumeRenderSphereTracePP.uexp" 172
"../../../Engine/Content/EngineDamageTypes/DmgTypeBP_Environmental.uasset" 173
"../../../Engine/Content/EngineDamageTypes/DmgTypeBP_Environmental.uexp" 174
"../../../Engine/Content/EditorResources/S_TriggerCapsule.uasset" 175
"../../../Engine/Content/EditorResources/S_TriggerCapsule.uexp" 176
"../../../Engine/Content/EditorResources/S_TriggerBox.uexp" 177
"../../../Engine/Content/EditorResources/S_TriggerBox.uasset" 178
"../../../Engine/Content/EditorResources/S_BoxReflectionCapture.uexp" 179
"../../../Engine/Content/EditorResources/S_BoxReflectionCapture.uasset" 180
"../../../Engine/Content/EditorResources/S_Solver.uasset" 181
"../../../Engine/Content/EditorResources/S_Solver.uexp" 182
"../../../Engine/Content/EditorResources/S_Solver.ubulk" 183
"../../../Engine/Content/EditorResources/S_TriggerSphere.uexp" 184
"../../../Engine/Content/EditorResources/S_TriggerSphere.uasset" 185
"../../../Engine/Content/EditorResources/BSPVertex.uasset" 186
"../../../Engine/Content/EditorResources/BSPVertex.uexp" 187
"../../../Engine/Content/EditorResources/S_Trigger.uexp" 188
"../../../Engine/Content/EditorResources/S_Trigger.uasset" 189
"../../../Engine/Content/EditorResources/S_Trigger.ubulk" 190
"../../../Engine/Content/EditorMaterials/PreviewShadowIndicator.uexp" 191
"../../../Engine/Content/EditorMaterials/PreviewShadowIndicator.uasset" 192
"../../../Engine/Content/EditorMaterials/PreviewShadowIndicator.ubulk" 193
"../../../Engine/Content/EditorMaterials/PreviewShadowIndicatorMaterial.uexp" 194
"../../../Engine/Content/EditorMaterials/PreviewShadowIndicatorMaterial.uasset" 195
"../../../Engine/Content/EditorMaterials/PhAT_NoCollisionMaterial.uexp" 196
"../../../Engine/Content/EditorMaterials/PhAT_NoCollisionMaterial.uasset" 197
"../../../Engine/Content/EditorMaterials/PhAT_UnselectedMaterial.uasset" 198
"../../../Engine/Content/EditorMaterials/PhAT_UnselectedMaterial.uexp" 199
"../../../Engine/Content/EditorLandscapeResources/WhiteSquareTexture.uasset" 200
"../../../Engine/Content/EditorLandscapeResources/WhiteSquareTexture.uexp" 201
"../../../Engine/Content/EditorLandscapeResources/LayerVisMaterial.uasset" 202
"../../../Engine/Content/EditorLandscapeResources/LayerVisMaterial.uexp" 203
"../../../Engine/Content/Functions/Engine_MaterialFunctions01/Texturing/ScaleUVsByCenter.uasset" 204
"../../../Engine/Content/Functions/Engine_MaterialFunctions01/Texturing/ScaleUVsByCenter.uexp" 205
"../../../Engine/Content/Functions/Engine_MaterialFunctions02/WorldPositionOffset/LocalPosition.uexp" 206
"../../../Engine/Content/Functions/Engine_MaterialFunctions02/WorldPositionOffset/LocalPosition.uasset" 207
"../../../Engine/Content/Functions/Engine_MaterialFunctions01/Texturing/TextureCropping.uexp" 208
"../../../Engine/Content/Functions/Engine_MaterialFunctions01/Texturing/TextureCropping.uasset" 209
"../../../Engine/Content/Functions/Engine_MaterialFunctions02/ExampleContent/DebugNumberStrip.uasset" 210
"../../../Engine/Content/Functions/Engine_MaterialFunctions02/ExampleContent/DebugNumberStrip.uexp" 211
"../../../Engine/Content/Functions/Engine_MaterialFunctions01/Debug/DebugIntValues.uasset" 212
"../../../Engine/Content/Functions/Engine_MaterialFunctions01/Debug/DebugIntValues.uexp" 213
"../../../Engine/Content/EditorLandscapeResources/LandscapeLayerUsageMaterial.uexp" 214
"../../../Engine/Content/EditorLandscapeResources/LandscapeLayerUsageMaterial.uasset" 215
"../../../Engine/Content/EditorLandscapeResources/DefaultAlphaTexture.uexp" 216
"../../../Engine/Content/EditorLandscapeResources/DefaultAlphaTexture.uasset" 217
"../../../Engine/Content/EditorLandscapeResources/LandscapeDirtyMaterial.uasset" 218
"../../../Engine/Content/EditorLandscapeResources/LandscapeDirtyMaterial.uexp" 219
"../../../Engine/Plugins/VirtualProduction/CameraCalibrationCore/Content/Materials/M_DefaultOddSquare.uexp" 220
"../../../Engine/Plugins/VirtualProduction/CameraCalibrationCore/Content/Materials/M_DefaultOddSquare.uasset" 221
"../../../Engine/Plugins/VirtualProduction/CameraCalibrationCore/Content/Materials/M_DefaultEvenSquare.uasset" 222
"../../../Engine/Plugins/VirtualProduction/CameraCalibrationCore/Content/Materials/M_DefaultEvenSquare.uexp" 223
"../../../Engine/Plugins/Runtime/HairStrands/Content/Materials/HairMeshesDefaultMaterial.uexp" 224
"../../../Engine/Plugins/Runtime/HairStrands/Content/Materials/HairMeshesDefaultMaterial.uasset" 225
"../../../Engine/Content/Functions/Engine_MaterialFunctions02/Utility/MakeFloat2.uexp" 226
"../../../Engine/Content/Functions/Engine_MaterialFunctions02/Utility/MakeFloat2.uasset" 227
"../../../Engine/Content/Functions/Engine_MaterialFunctions02/Utility/MakeFloat3.uexp" 228
"../../../Engine/Content/Functions/Engine_MaterialFunctions02/Utility/MakeFloat3.uasset" 229
"../../../Engine/Content/EngineMaterials/HairDebugColor.uexp" 230
"../../../Engine/Content/EngineMaterials/HairDebugColor.uasset" 231
"../../../Engine/Content/EngineMaterials/HairColorMap.uexp" 232
"../../../Engine/Content/EngineMaterials/HairColorMap.uasset" 233
"../../../Engine/Plugins/Runtime/HairStrands/Content/Materials/HairGroupColors.uasset" 234
"../../../Engine/Plugins/Runtime/HairStrands/Content/Materials/HairGroupColors.uexp" 235
"../../../Engine/Plugins/Runtime/HairStrands/Content/Materials/HairDebugMaterial.uasset" 236
"../../../Engine/Plugins/Runtime/HairStrands/Content/Materials/HairDebugMaterial.uexp" 237
"../../../Engine/Plugins/Runtime/HairStrands/Content/Materials/HairDefaultMaterial.uexp" 238
"../../../Engine/Plugins/Runtime/HairStrands/Content/Materials/HairDefaultMaterial.uasset" 239
"../../../Engine/Plugins/Runtime/HairStrands/Content/Materials/HairCardsDefaultMaterial.uasset" 240
"../../../Engine/Plugins/Runtime/HairStrands/Content/Materials/HairCardsDefaultMaterial.uexp" 241
"../../../Engine/Plugins/Runtime/AudioWidgets/Content/Resources/ScrubHandleDown_Clamped.uasset" 242
"../../../Engine/Plugins/Runtime/AudioWidgets/Content/Resources/ScrubHandleDown_Clamped.uexp" 243
"../../../Engine/Plugins/Interchange/Assets/Content/Functions/MX_GeneralizedSchlickBSDF.uexp" 244
"../../../Engine/Plugins/Interchange/Assets/Content/Functions/MX_GeneralizedSchlickBSDF.uasset" 245
"../../../Engine/Plugins/Interchange/Assets/Content/Functions/MX_BurleyDiffuseBSDF.uexp" 246
"../../../Engine/Plugins/Interchange/Assets/Content/Functions/MX_BurleyDiffuseBSDF.uasset" 247
"../../../Engine/Plugins/Interchange/Assets/Content/Functions/MX_UniformEDF.uasset" 248
"../../../Engine/Plugins/Interchange/Assets/Content/Functions/MX_UniformEDF.uexp" 249
"../../../Engine/Plugins/Interchange/Assets/Content/Functions/MX_Displacement.uexp" 250
"../../../Engine/Plugins/Interchange/Assets/Content/Functions/MX_Displacement.uasset" 251
"../../../Engine/Plugins/Interchange/Assets/Content/Functions/MX_AbsorptionVDF.uasset" 252
"../../../Engine/Plugins/Interchange/Assets/Content/Functions/MX_AbsorptionVDF.uexp" 253
"../../../Engine/Plugins/Interchange/Assets/Content/Functions/MX_ConductorBSDF.uasset" 254
"../../../Engine/Plugins/Interchange/Assets/Content/Functions/MX_ConductorBSDF.uexp" 255
"../../../Engine/Plugins/Interchange/Assets/Content/Functions/MX_OrenNayarBSDF.uexp" 256
"../../../Engine/Plugins/Interchange/Assets/Content/Functions/MX_OrenNayarBSDF.uasset" 257
"../../../Engine/Plugins/Interchange/Assets/Content/Functions/MX_TranslucentBSDF.uexp" 258
"../../../Engine/Plugins/Interchange/Assets/Content/Functions/MX_TranslucentBSDF.uasset" 259
"../../../Engine/Plugins/Interchange/Assets/Content/Functions/MX_AnisotropicVDF.uasset" 260
"../../../Engine/Plugins/Interchange/Assets/Content/Functions/MX_AnisotropicVDF.uexp" 261
"../../../Engine/Plugins/Interchange/Assets/Content/Functions/MX_SubsurfaceBSDF.uasset" 262
"../../../Engine/Plugins/Interchange/Assets/Content/Functions/MX_SubsurfaceBSDF.uexp" 263
"../../../Engine/Plugins/Interchange/Assets/Content/Functions/MX_SheenBSDF.uasset" 264
"../../../Engine/Plugins/Interchange/Assets/Content/Functions/MX_SheenBSDF.uexp" 265
"../../../Engine/Plugins/Interchange/Assets/Content/Functions/MX_DielectricBSDF.uasset" 266
"../../../Engine/Plugins/Interchange/Assets/Content/Functions/MX_DielectricBSDF.uexp" 267
"../../../Engine/Plugins/Interchange/Assets/Content/Functions/MX_ConicalEDF.uexp" 268
"../../../Engine/Plugins/Interchange/Assets/Content/Functions/MX_ConicalEDF.uasset" 269
"../../../Engine/Plugins/Interchange/Assets/Content/Functions/MX_MeasuredEDF.uasset" 270
"../../../Engine/Plugins/Interchange/Assets/Content/Functions/MX_MeasuredEDF.uexp" 271
"../../../Engine/Plugins/Interchange/Assets/Content/Functions/MX_ThinFilmBSDF.uasset" 272
"../../../Engine/Plugins/Interchange/Assets/Content/Functions/MX_ThinFilmBSDF.uexp" 273
"../../../Engine/Plugins/Interchange/Assets/Content/Functions/MF_IridescenceNoLUT.uexp" 274
"../../../Engine/Plugins/Interchange/Assets/Content/Functions/MF_IridescenceNoLUT.uasset" 275
"../../../Engine/Plugins/Interchange/Assets/Content/Functions/MX_StandardSurface.uexp" 276
"../../../Engine/Plugins/Interchange/Assets/Content/Functions/MX_StandardSurface.uasset" 277
"../../../Engine/Plugins/Interchange/Assets/Content/Functions/MX_OpenPBR_Opaque.uasset" 278
"../../../Engine/Plugins/Interchange/Assets/Content/Functions/MX_OpenPBR_Opaque.uexp" 279
"../../../Engine/Plugins/Interchange/Assets/Content/Functions/MX_UsdPreviewSurface.uasset" 280
"../../../Engine/Plugins/Interchange/Assets/Content/Functions/MX_UsdPreviewSurface.uexp" 281
"../../../Engine/Plugins/Interchange/Assets/Content/Functions/MX_SurfaceUnlit.uasset" 282
"../../../Engine/Plugins/Interchange/Assets/Content/Functions/MX_SurfaceUnlit.uexp" 283
"../../../Engine/Plugins/Interchange/Assets/Content/Functions/MX_Surface.uasset" 284
"../../../Engine/Plugins/Interchange/Assets/Content/Functions/MX_Surface.uexp" 285
"../../../Engine/Plugins/Interchange/Assets/Content/Functions/MX_TransmissionSurface.uasset" 286
"../../../Engine/Plugins/Interchange/Assets/Content/Functions/MX_TransmissionSurface.uexp" 287
"../../../Engine/Plugins/Interchange/Assets/Content/Functions/MX_OpenPBR_Translucent.uasset" 288
"../../../Engine/Plugins/Interchange/Assets/Content/Functions/MX_OpenPBR_Translucent.uexp" 289
"../../../Engine/Plugins/Experimental/Water/Content/Icons/WaterLandscapeBrushSprite.uexp" 290
"../../../Engine/Plugins/Experimental/Water/Content/Icons/WaterLandscapeBrushSprite.ubulk" 291
"../../../Engine/Plugins/Experimental/Water/Content/Icons/WaterLandscapeBrushSprite.uasset" 292
"../../../Engine/Plugins/Experimental/Water/Content/Icons/WaterErrorSprite.uasset" 293
"../../../Engine/Plugins/Experimental/Water/Content/Icons/WaterErrorSprite.ubulk" 294
"../../../Engine/Plugins/Experimental/Water/Content/Icons/WaterErrorSprite.uexp" 295
"../../../Engine/Plugins/Experimental/Water/Content/Icons/WaterSprite.uasset" 296
"../../../Engine/Plugins/Experimental/Water/Content/Icons/WaterSprite.uexp" 297
"../../../Engine/Plugins/Experimental/Water/Content/Icons/WaterBodyIslandSprite.uasset" 298
"../../../Engine/Plugins/Experimental/Water/Content/Icons/WaterBodyIslandSprite.uexp" 299
"../../../Engine/Plugins/Experimental/Water/Content/Icons/WaterBodyExclusionVolumeSprite.uasset" 300
"../../../Engine/Plugins/Experimental/Water/Content/Icons/WaterBodyExclusionVolumeSprite.uexp" 301
"../../../Engine/Plugins/Experimental/Water/Content/Icons/WaterZoneActorSprite.uexp" 302
"../../../Engine/Plugins/Experimental/Water/Content/Icons/WaterZoneActorSprite.uasset" 303
"../../../Engine/Plugins/Experimental/Water/Content/Icons/WaterZoneActorSprite.ubulk" 304
"../../../Engine/Plugins/Experimental/Water/Content/Curves/FloatCurve.uexp" 305
"../../../Engine/Plugins/Experimental/Water/Content/Curves/FloatCurve.uasset" 306
"../../../Engine/Plugins/Experimental/Water/Content/Curves/FloatCurve_WaterBodyIsland.uasset" 307
"../../../Engine/Plugins/Experimental/Water/Content/Curves/FloatCurve_WaterBodyIsland.uexp" 308
"../../../Engine/Content/Functions/Engine_MaterialFunctions02/Utility/BreakOutFloat3Components.uexp" 309
"../../../Engine/Content/Functions/Engine_MaterialFunctions02/Utility/BreakOutFloat3Components.uasset" 310
"../../../Engine/Content/Functions/Engine_MaterialFunctions02/Utility/VectorLength.uexp" 311
"../../../Engine/Content/Functions/Engine_MaterialFunctions02/Utility/VectorLength.uasset" 312
"../../../Engine/Content/Functions/Engine_MaterialFunctions02/WorldPositionOffset/ObjectScale.uexp" 313
"../../../Engine/Content/Functions/Engine_MaterialFunctions02/WorldPositionOffset/ObjectScale.uasset" 314
"../../../Engine/Content/Functions/Engine_MaterialFunctions02/SafeNormalize.uexp" 315
"../../../Engine/Content/Functions/Engine_MaterialFunctions02/SafeNormalize.uasset" 316
"../../../Engine/Plugins/Editor/SpeedTreeImporter/Content/SpeedTree9/game_wind_noise.uexp" 317
"../../../Engine/Plugins/Editor/SpeedTreeImporter/Content/SpeedTree9/game_wind_noise.ubulk" 318
"../../../Engine/Plugins/Editor/SpeedTreeImporter/Content/SpeedTree9/game_wind_noise.uasset" 319
"../../../Engine/Plugins/Editor/SpeedTreeImporter/Content/SpeedTree9/EmptyNormal.uexp" 320
"../../../Engine/Plugins/Editor/SpeedTreeImporter/Content/SpeedTree9/EmptyNormal.uasset" 321
"../../../Engine/Plugins/Editor/SpeedTreeImporter/Content/SpeedTree9/UnpackInteger3.uexp" 322
"../../../Engine/Plugins/Editor/SpeedTreeImporter/Content/SpeedTree9/UnpackInteger3.uasset" 323
"../../../Engine/Content/Functions/Engine_MaterialFunctions02/ObjectLocalBounds.uexp" 324
"../../../Engine/Content/Functions/Engine_MaterialFunctions02/ObjectLocalBounds.uasset" 325
"../../../Engine/Plugins/Editor/SpeedTreeImporter/Content/SpeedTree9/SpeedTreeBillboard.uasset" 326
"../../../Engine/Plugins/Editor/SpeedTreeImporter/Content/SpeedTree9/SpeedTreeBillboard.uexp" 327
"../../../Engine/Plugins/Editor/SpeedTreeImporter/Content/SpeedTree9/SpeedTreeWindMotion.uexp" 328
"../../../Engine/Plugins/Editor/SpeedTreeImporter/Content/SpeedTree9/SpeedTreeWindMotion.uasset" 329
"../../../Engine/Plugins/Editor/SpeedTreeImporter/Content/SpeedTree9/Empty.uasset" 330
"../../../Engine/Plugins/Editor/SpeedTreeImporter/Content/SpeedTree9/Empty.uexp" 331
"../../../Engine/Plugins/Editor/SpeedTreeImporter/Content/SpeedTree9/UnpackDirection.uexp" 332
"../../../Engine/Plugins/Editor/SpeedTreeImporter/Content/SpeedTree9/UnpackDirection.uasset" 333
"../../../Engine/Plugins/Editor/SpeedTreeImporter/Content/SpeedTree9/SpeedTreeBranchMotion.uexp" 334
"../../../Engine/Plugins/Editor/SpeedTreeImporter/Content/SpeedTree9/SpeedTreeBranchMotion.uasset" 335
"../../../Engine/Content/Functions/Engine_MaterialFunctions02/UVs/BoundingBoxBased_0-1_UVW.uasset" 336
"../../../Engine/Content/Functions/Engine_MaterialFunctions02/UVs/BoundingBoxBased_0-1_UVW.uexp" 337
"../../../Engine/Plugins/Editor/SpeedTreeImporter/Content/SpeedTree9/SpeedTreeWind.uasset" 338
"../../../Engine/Plugins/Editor/SpeedTreeImporter/Content/SpeedTree9/SpeedTreeWind.uexp" 339
"../../../Engine/Plugins/Editor/SpeedTreeImporter/Content/SpeedTree9/SpeedTreeBillboardMaster.uasset" 340
"../../../Engine/Plugins/Editor/SpeedTreeImporter/Content/SpeedTree9/SpeedTreeBillboardMaster.uexp" 341
"../../../Engine/Plugins/Editor/SpeedTreeImporter/Content/SpeedTree9/SpeedTreeCameraFacing.uasset" 342
"../../../Engine/Plugins/Editor/SpeedTreeImporter/Content/SpeedTree9/SpeedTreeCameraFacing.uexp" 343
"../../../Engine/Plugins/Editor/SpeedTreeImporter/Content/SpeedTree9/SpeedTreeMaster.uasset" 344
"../../../Engine/Plugins/Editor/SpeedTreeImporter/Content/SpeedTree9/SpeedTreeMaster.uexp" 345
"../../../Engine/Plugins/Animation/ControlRig/Content/Controls/ControlRigXRayMaterial.uasset" 346
"../../../Engine/Plugins/Animation/ControlRig/Content/Controls/ControlRigXRayMaterial.uexp" 347
"../../../Engine/Plugins/Animation/ControlRig/Content/Controls/ControlRigGizmoMaterial.uasset" 348
"../../../Engine/Plugins/Animation/ControlRig/Content/Controls/ControlRigGizmoMaterial.uexp" 349
"../../../Engine/Content/EditorMaterials/ParticleSystems/PSysThumbnail_NoImage.uexp" 350
"../../../Engine/Content/EditorMaterials/ParticleSystems/PSysThumbnail_NoImage.ubulk" 351
"../../../Engine/Content/EditorMaterials/ParticleSystems/PSysThumbnail_NoImage.uasset" 352
"../../../Engine/Content/EditorMaterials/ParticleSystems/PSysThumbnail_OOD.uexp" 353
"../../../Engine/Content/EditorMaterials/ParticleSystems/PSysThumbnail_OOD.uasset" 354
"../../../Engine/Content/EditorMaterials/ParticleSystems/PSysThumbnail_OOD.ubulk" 355
"../../../Engine/Content/EditorMaterials/Dataflow/DataflowVertexMaterial.uexp" 356
"../../../Engine/Content/EditorMaterials/Dataflow/DataflowVertexMaterial.uasset" 357
"../../../Engine/Content/EditorMaterials/Dataflow/DataflowTwoSidedVertexMaterial.uasset" 358
"../../../Engine/Content/EditorMaterials/Dataflow/DataflowTwoSidedVertexMaterial.uexp" 359
"../../../Engine/Content/EngineResources/FilmGrains/Marcie_Grain_v3_128_M2_000.uasset" 360
"../../../Engine/Content/EngineResources/FilmGrains/Marcie_Grain_v3_128_M2_000.uexp" 361
"../../../Engine/Content/EngineResources/Development/ZenLogo_64.uexp" 362
"../../../Engine/Content/EngineResources/Development/ZenLogo_64.uasset" 363
"../../../Engine/Content/EngineMaterials/LTC/Sheen_LTC.uexp" 364
"../../../Engine/Content/EngineMaterials/LTC/Sheen_LTC.uasset" 365
"../../../Engine/Content/EngineMaterials/LTC/GGX_LTCAmp.uexp" 366
"../../../Engine/Content/EngineMaterials/LTC/GGX_LTCAmp.uasset" 367
"../../../Engine/Content/EngineMaterials/LTC/GGX_LTCMat.uexp" 368
"../../../Engine/Content/EngineMaterials/LTC/GGX_LTCMat.uasset" 369
"../../../Engine/Content/EngineMaterials/EnergyConservation/GGX_ReflectionEnergy.uexp" 370
"../../../Engine/Content/EngineMaterials/EnergyConservation/GGX_ReflectionEnergy.uasset" 371
"../../../Engine/Content/EngineMaterials/EnergyConservation/SheenLegacy_Energy.uasset" 372
"../../../Engine/Content/EngineMaterials/EnergyConservation/SheenLegacy_Energy.uexp" 373
"../../../Engine/Content/EngineMaterials/EnergyConservation/GGX_TransmissionEnergyArray.uasset" 374
"../../../Engine/Content/EngineMaterials/EnergyConservation/GGX_TransmissionEnergyArray.uexp" 375
"../../../Engine/Content/EngineMaterials/EnergyConservation/Sheen_Energy.uasset" 376
"../../../Engine/Content/EngineMaterials/EnergyConservation/Sheen_Energy.uexp" 377
"../../../Engine/Content/EngineMaterials/EnergyConservation/Diffuse_Energy.uasset" 378
"../../../Engine/Content/EngineMaterials/EnergyConservation/Diffuse_Energy.uexp" 379
"../../../Engine/Content/EditorResources/SequenceRecorder/Countdown.uasset" 380
"../../../Engine/Content/EditorResources/SequenceRecorder/Countdown.uexp" 381
"../../../Engine/Content/EditorResources/SequenceRecorder/RecordingIndicator.uasset" 382
"../../../Engine/Content/EditorResources/SequenceRecorder/RecordingIndicator.uexp" 383
"/home/evelyn/Documents/Unreal Projects/Bramble64/Content/Input/Actions/IA_Jump.uasset" 384
"/home/evelyn/Documents/Unreal Projects/Bramble64/Content/Input/Actions/IA_Jump.uexp" 385
"/home/evelyn/Documents/Unreal Projects/Bramble64/Content/Input/Actions/IA_Move.uasset" 386
"/home/evelyn/Documents/Unreal Projects/Bramble64/Content/Input/Actions/IA_Move.uexp" 387
"/home/evelyn/Documents/Unreal Projects/Bramble64/Content/Input/Actions/IA_Look.uasset" 388
"/home/evelyn/Documents/Unreal Projects/Bramble64/Content/Input/Actions/IA_Look.uexp" 389
"/home/evelyn/Documents/Unreal Projects/Bramble64/Content/Input/Actions/IA_MouseLook.uexp" 390
"/home/evelyn/Documents/Unreal Projects/Bramble64/Content/Input/Actions/IA_MouseLook.uasset" 391
"../../../Engine/Content/EngineMaterials/T_Default_Material_Grid_M.ubulk" 392
"../../../Engine/Content/EngineMaterials/T_Default_Material_Grid_M.uasset" 393
"../../../Engine/Content/EngineMaterials/T_Default_Material_Grid_M.uexp" 394
"../../../Engine/Content/Functions/Engine_MaterialFunctions01/Opacity/CameraDepthFade.uexp" 395
"../../../Engine/Content/Functions/Engine_MaterialFunctions01/Opacity/CameraDepthFade.uasset" 396
"../../../Engine/Content/EngineMaterials/T_Default_Material_Grid_N.uasset" 397
"../../../Engine/Content/EngineMaterials/T_Default_Material_Grid_N.ubulk" 398
"../../../Engine/Content/EngineMaterials/T_Default_Material_Grid_N.uexp" 399
"../../../Engine/Content/EngineMaterials/DefaultMaterial.uasset" 400
"../../../Engine/Content/EngineMaterials/DefaultMaterial.uexp" 401
"../../../Engine/Content/BasicShapes/Sphere.uasset" 402
"../../../Engine/Content/BasicShapes/Sphere.ubulk" 403
"../../../Engine/Content/BasicShapes/Sphere.uexp" 404
"../../../Engine/Content/BasicShapes/BasicShapeMaterial.uasset" 405
"../../../Engine/Content/BasicShapes/BasicShapeMaterial.uexp" 406
"/home/evelyn/Documents/Unreal Projects/Bramble64/Content/Blueprints/BP_Enemy.uexp" 407
"/home/evelyn/Documents/Unreal Projects/Bramble64/Content/Blueprints/BP_Enemy.uasset" 408
"../../../Engine/Content/EngineMaterials/WorldGridMaterial.uexp" 409
"../../../Engine/Content/EngineMaterials/WorldGridMaterial.uasset" 410
"../../../Engine/Content/BasicShapes/Cube.uexp" 411
"../../../Engine/Content/BasicShapes/Cube.uasset" 412
"../../../Engine/Content/BasicShapes/Cube.ubulk" 413
"/home/evelyn/Documents/Unreal Projects/Bramble64/Content/Blueprints/BP_BouncePad.uasset" 414
"/home/evelyn/Documents/Unreal Projects/Bramble64/Content/Blueprints/BP_BouncePad.uexp" 415
"/home/evelyn/Documents/Unreal Projects/Bramble64/Content/Input/Touch/BPI_TouchInterface.uexp" 416
"/home/evelyn/Documents/Unreal Projects/Bramble64/Content/Input/Touch/BPI_TouchInterface.uasset" 417
"/home/evelyn/Documents/Unreal Projects/Bramble64/Content/Characters/Bramble/Bramble2_Skeleton.uexp" 418
"/home/evelyn/Documents/Unreal Projects/Bramble64/Content/Characters/Bramble/Bramble2_Skeleton.uasset" 419
"../../../Engine/Plugins/Interchange/Assets/Content/Functions/MF_PhongToMetalRoughness.uexp" 420
"../../../Engine/Plugins/Interchange/Assets/Content/Functions/MF_PhongToMetalRoughness.uasset" 421
"/home/evelyn/Documents/Unreal Projects/Bramble64/Content/Characters/Bramble/Bramble_Horns_Color.uexp" 422
"/home/evelyn/Documents/Unreal Projects/Bramble64/Content/Characters/Bramble/Bramble_Horns_Color.ubulk" 423
"/home/evelyn/Documents/Unreal Projects/Bramble64/Content/Characters/Bramble/Bramble_Horns_Color.uasset" 424
"/home/evelyn/Documents/Unreal Projects/Bramble64/Content/Characters/Bramble/Horns.uexp" 425
"/home/evelyn/Documents/Unreal Projects/Bramble64/Content/Characters/Bramble/Horns.uasset" 426
"/home/evelyn/Documents/Unreal Projects/Bramble64/Content/Characters/Bramble/Material_001.uexp" 427
"/home/evelyn/Documents/Unreal Projects/Bramble64/Content/Characters/Bramble/Material_001.uasset" 428
"/home/evelyn/Documents/Unreal Projects/Bramble64/Content/Characters/Bramble/Bramble2_PhysicsAsset.uexp" 429
"/home/evelyn/Documents/Unreal Projects/Bramble64/Content/Characters/Bramble/Bramble2_PhysicsAsset.uasset" 430
"/home/evelyn/Documents/Unreal Projects/Bramble64/Content/Characters/Bramble/Bramble_Eye_Color.uexp" 431
"/home/evelyn/Documents/Unreal Projects/Bramble64/Content/Characters/Bramble/Bramble_Eye_Color.uasset" 432
"/home/evelyn/Documents/Unreal Projects/Bramble64/Content/Characters/Bramble/Bramble_Eye_Color.ubulk" 433
"/home/evelyn/Documents/Unreal Projects/Bramble64/Content/Characters/Bramble/Bramble_Eye_Roughness.uexp" 434
"/home/evelyn/Documents/Unreal Projects/Bramble64/Content/Characters/Bramble/Bramble_Eye_Roughness.uasset" 435
"/home/evelyn/Documents/Unreal Projects/Bramble64/Content/Characters/Bramble/Bramble_Eye_Roughness.ubulk" 436
"/home/evelyn/Documents/Unreal Projects/Bramble64/Content/Characters/Bramble/Eyes.uasset" 437
"/home/evelyn/Documents/Unreal Projects/Bramble64/Content/Characters/Bramble/Eyes.uexp" 438
"/home/evelyn/Documents/Unreal Projects/Bramble64/Content/Characters/Bramble/Bramble_Body_Color.ubulk" 439
"/home/evelyn/Documents/Unreal Projects/Bramble64/Content/Characters/Bramble/Bramble_Body_Color.uexp" 440
"/home/evelyn/Documents/Unreal Projects/Bramble64/Content/Characters/Bramble/Bramble_Body_Color.uasset" 441
"/home/evelyn/Documents/Unreal Projects/Bramble64/Content/Characters/Bramble/Body.uasset" 442
"/home/evelyn/Documents/Unreal Projects/Bramble64/Content/Characters/Bramble/Body.uexp" 443
"/home/evelyn/Documents/Unreal Projects/Bramble64/Content/Characters/Bramble/Bramble2.uexp" 444
"/home/evelyn/Documents/Unreal Projects/Bramble64/Content/Characters/Bramble/Bramble2.uasset" 445
"../../../Engine/Plugins/Animation/ACLPlugin/Content/ACLAnimBoneCompressionSettings.uasset" 446
"../../../Engine/Plugins/Animation/ACLPlugin/Content/ACLAnimBoneCompressionSettings.uexp" 447
"../../../Engine/Plugins/Animation/ACLPlugin/Content/ACLAnimCurveCompressionSettings.uasset" 448
"../../../Engine/Plugins/Animation/ACLPlugin/Content/ACLAnimCurveCompressionSettings.uexp" 449
"../../../Engine/Content/Animation/DefaultVariableFrameStrippingSettings.uasset" 450
"../../../Engine/Content/Animation/DefaultVariableFrameStrippingSettings.uexp" 451
"/home/evelyn/Documents/Unreal Projects/Bramble64/Content/Characters/Bramble/Bramble2_Anim_Armature_AirUp.uasset" 452
"/home/evelyn/Documents/Unreal Projects/Bramble64/Content/Characters/Bramble/Bramble2_Anim_Armature_AirUp.uexp" 453
"/home/evelyn/Documents/Unreal Projects/Bramble64/Content/Characters/Bramble/Bramble2_Anim_Armature_AirDown.uasset" 454
"/home/evelyn/Documents/Unreal Projects/Bramble64/Content/Characters/Bramble/Bramble2_Anim_Armature_AirDown.uexp" 455
"/home/evelyn/Documents/Unreal Projects/Bramble64/Content/Characters/Bramble/BS_Bramble_Falling.uexp" 456
"/home/evelyn/Documents/Unreal Projects/Bramble64/Content/Characters/Bramble/BS_Bramble_Falling.uasset" 457
"/home/evelyn/Documents/Unreal Projects/Bramble64/Content/Characters/Bramble/Bramble2_Anim_Armature_Idle.uexp" 458
"/home/evelyn/Documents/Unreal Projects/Bramble64/Content/Characters/Bramble/Bramble2_Anim_Armature_Idle.uasset" 459
"/home/evelyn/Documents/Unreal Projects/Bramble64/Content/Characters/Bramble/Bramble2_Anim_Armature_Walk1.uexp" 460
"/home/evelyn/Documents/Unreal Projects/Bramble64/Content/Characters/Bramble/Bramble2_Anim_Armature_Walk1.uasset" 461
"/home/evelyn/Documents/Unreal Projects/Bramble64/Content/Characters/Bramble/Bramble2_Anim_Armature_Run1.uasset" 462
"/home/evelyn/Documents/Unreal Projects/Bramble64/Content/Characters/Bramble/Bramble2_Anim_Armature_Run1.uexp" 463
"/home/evelyn/Documents/Unreal Projects/Bramble64/Content/Characters/Bramble/Bramble2_Anim_Armature_Walk.uasset" 464
"/home/evelyn/Documents/Unreal Projects/Bramble64/Content/Characters/Bramble/Bramble2_Anim_Armature_Walk.uexp" 465
"/home/evelyn/Documents/Unreal Projects/Bramble64/Content/Characters/Bramble/Bramble2_Anim_Armature_Run.uasset" 466
"/home/evelyn/Documents/Unreal Projects/Bramble64/Content/Characters/Bramble/Bramble2_Anim_Armature_Run.uexp" 467
"/home/evelyn/Documents/Unreal Projects/Bramble64/Content/Characters/Bramble/BS_Bramble_Walk.uasset" 468
"/home/evelyn/Documents/Unreal Projects/Bramble64/Content/Characters/Bramble/BS_Bramble_Walk.uexp" 469
"/home/evelyn/Documents/Unreal Projects/Bramble64/Content/Characters/Bramble/Bramble2_Anim_Armature_JumpStart.uasset" 470
"/home/evelyn/Documents/Unreal Projects/Bramble64/Content/Characters/Bramble/Bramble2_Anim_Armature_JumpStart.uexp" 471
"/home/evelyn/Documents/Unreal Projects/Bramble64/Content/Characters/Bramble/ABP_Bramble.uexp" 472
"/home/evelyn/Documents/Unreal Projects/Bramble64/Content/Characters/Bramble/ABP_Bramble.uasset" 473
"/home/evelyn/Documents/Unreal Projects/Bramble64/Content/Audio/SFX/SA_Default.uexp" 474
"/home/evelyn/Documents/Unreal Projects/Bramble64/Content/Audio/SFX/SA_Default.uasset" 475
"/home/evelyn/Documents/Unreal Projects/Bramble64/Content/Characters/Bramble/SFX/BrambleJump.uexp" 476
"/home/evelyn/Documents/Unreal Projects/Bramble64/Content/Characters/Bramble/SFX/BrambleJump.ubulk" 477
"/home/evelyn/Documents/Unreal Projects/Bramble64/Content/Characters/Bramble/SFX/BrambleJump.uasset" 478
"/home/evelyn/Documents/Unreal Projects/Bramble64/Content/Characters/Bramble/SFX/BrambleDive.uasset" 479
"/home/evelyn/Documents/Unreal Projects/Bramble64/Content/Characters/Bramble/SFX/BrambleDive.uexp" 480
"/home/evelyn/Documents/Unreal Projects/Bramble64/Content/Characters/Bramble/SFX/BrambleDive.ubulk" 481
"/home/evelyn/Documents/Unreal Projects/Bramble64/Content/Audio/SFX/Footsteps/W_Footstep_Tile.uasset" 482
"/home/evelyn/Documents/Unreal Projects/Bramble64/Content/Audio/SFX/Footsteps/W_Footstep_Tile.ubulk" 483
"/home/evelyn/Documents/Unreal Projects/Bramble64/Content/Audio/SFX/Footsteps/W_Footstep_Tile.uexp" 484
"/home/evelyn/Documents/Unreal Projects/Bramble64/Content/Audio/SFX/Footsteps/MS_Footstep_Tile.uasset" 485
"/home/evelyn/Documents/Unreal Projects/Bramble64/Content/Audio/SFX/Footsteps/MS_Footstep_Tile.uexp" 486
"/home/evelyn/Documents/Unreal Projects/Bramble64/Content/Characters/Bramble/SFX/BrambleRamStart.uasset" 487
"/home/evelyn/Documents/Unreal Projects/Bramble64/Content/Characters/Bramble/SFX/BrambleRamStart.ubulk" 488
"/home/evelyn/Documents/Unreal Projects/Bramble64/Content/Characters/Bramble/SFX/BrambleRamStart.uexp" 489
"/home/evelyn/Documents/Unreal Projects/Bramble64/Content/Characters/Bramble/SFX/BrambleRollingGround.uasset" 490
"/home/evelyn/Documents/Unreal Projects/Bramble64/Content/Characters/Bramble/SFX/BrambleRollingGround.ubulk" 491
"/home/evelyn/Documents/Unreal Projects/Bramble64/Content/Characters/Bramble/SFX/BrambleRollingGround.uexp" 492
"/home/evelyn/Documents/Unreal Projects/Bramble64/Content/Characters/Bramble/SFX/MS_BrambleRollingGround.uexp" 493
"/home/evelyn/Documents/Unreal Projects/Bramble64/Content/Characters/Bramble/SFX/MS_BrambleRollingGround.uasset" 494
"/home/evelyn/Documents/Unreal Projects/Bramble64/Content/Characters/Bramble/WB_BrambleRam.uasset" 495
"/home/evelyn/Documents/Unreal Projects/Bramble64/Content/Characters/Bramble/WB_BrambleRam.uexp" 496
"/home/evelyn/Documents/Unreal Projects/Bramble64/Content/Audio/SFX/Characters/Bramble/W_Bramble_SwoopStomp_Start.uasset" 497
"/home/evelyn/Documents/Unreal Projects/Bramble64/Content/Audio/SFX/Characters/Bramble/W_Bramble_SwoopStomp_Start.ubulk" 498
"/home/evelyn/Documents/Unreal Projects/Bramble64/Content/Audio/SFX/Characters/Bramble/W_Bramble_SwoopStomp_Start.uexp" 499
"/home/evelyn/Documents/Unreal Projects/Bramble64/Content/Audio/SFX/Characters/Bramble/W_Bramble_SwoopStomp_Impact.ubulk" 500
"/home/evelyn/Documents/Unreal Projects/Bramble64/Content/Audio/SFX/Characters/Bramble/W_Bramble_SwoopStomp_Impact.uasset" 501
"/home/evelyn/Documents/Unreal Projects/Bramble64/Content/Audio/SFX/Characters/Bramble/W_Bramble_SwoopStomp_Impact.uexp" 502
"/home/evelyn/Documents/Unreal Projects/Bramble64/Content/Characters/Bramble/Input/IA_Bramble_Ram.uasset" 503
"/home/evelyn/Documents/Unreal Projects/Bramble64/Content/Characters/Bramble/Input/IA_Bramble_Ram.uexp" 504
"/home/evelyn/Documents/Unreal Projects/Bramble64/Content/Characters/Bramble/Input/IA_Bramble_SwoopStomp.uasset" 505
"/home/evelyn/Documents/Unreal Projects/Bramble64/Content/Characters/Bramble/Input/IA_Bramble_SwoopStomp.uexp" 506
"/home/evelyn/Documents/Unreal Projects/Bramble64/Content/Characters/Bramble/Input/IA_Bramble_Attack.uasset" 507
"/home/evelyn/Documents/Unreal Projects/Bramble64/Content/Characters/Bramble/Input/IA_Bramble_Attack.uexp" 508
"/home/evelyn/Documents/Unreal Projects/Bramble64/Content/ThirdPerson/Blueprints/BP_ThirdPersonCharacter.uexp" 509
"/home/evelyn/Documents/Unreal Projects/Bramble64/Content/ThirdPerson/Blueprints/BP_ThirdPersonCharacter.uasset" 510
"/home/evelyn/Documents/Unreal Projects/Bramble64/Content/Input/IMC_Default.uexp" 511
"/home/evelyn/Documents/Unreal Projects/Bramble64/Content/Input/IMC_Default.uasset" 512
"/home/evelyn/Documents/Unreal Projects/Bramble64/Content/Input/IMC_MouseLook.uasset" 513
"/home/evelyn/Documents/Unreal Projects/Bramble64/Content/Input/IMC_MouseLook.uexp" 514
"../../../Engine/Content/MobileResources/HUD/VirtualJoystick_Thumb.uasset" 515
"../../../Engine/Content/MobileResources/HUD/VirtualJoystick_Thumb.uexp" 516
"../../../Engine/Content/MobileResources/HUD/VirtualJoystick_Background.uasset" 517
"../../../Engine/Content/MobileResources/HUD/VirtualJoystick_Background.uexp" 518
"/home/evelyn/Documents/Unreal Projects/Bramble64/Content/Input/Touch/UI_Thumbstick.uasset" 519
"/home/evelyn/Documents/Unreal Projects/Bramble64/Content/Input/Touch/UI_Thumbstick.uexp" 520
"/home/evelyn/Documents/Unreal Projects/Bramble64/Content/Input/Touch/UI_TouchSimple.uasset" 521
"/home/evelyn/Documents/Unreal Projects/Bramble64/Content/Input/Touch/UI_TouchSimple.uexp" 522
"/home/evelyn/Documents/Unreal Projects/Bramble64/Content/ThirdPerson/Blueprints/BP_ThirdPersonPlayerController.uasset" 523
"/home/evelyn/Documents/Unreal Projects/Bramble64/Content/ThirdPerson/Blueprints/BP_ThirdPersonPlayerController.uexp" 524
"/home/evelyn/Documents/Unreal Projects/Bramble64/Content/ThirdPerson/Blueprints/BP_ThirdPersonGameMode.uexp" 525
"/home/evelyn/Documents/Unreal Projects/Bramble64/Content/ThirdPerson/Blueprints/BP_ThirdPersonGameMode.uasset" 526
"../../../Engine/Content/Functions/Engine_MaterialFunctions01/Shading/ConvertFromDiffSpec.uasset" 527
"../../../Engine/Content/Functions/Engine_MaterialFunctions01/Shading/ConvertFromDiffSpec.uexp" 528
"../../../Engine/Content/Functions/Engine_MaterialFunctions01/Shading/PowerToRoughness.uasset" 529
"../../../Engine/Content/Functions/Engine_MaterialFunctions01/Shading/PowerToRoughness.uexp" 530
"../../../Engine/Content/Functions/Engine_MaterialFunctions02/WorldPositionOffset/V2/ObjectScale.uexp" 531
"../../../Engine/Content/Functions/Engine_MaterialFunctions02/WorldPositionOffset/V2/ObjectScale.uasset" 532
"../../../Engine/Content/EditorResources/S_Terrain.ubulk" 533
"../../../Engine/Content/EditorResources/S_Terrain.uexp" 534
"../../../Engine/Content/EditorResources/S_Terrain.uasset" 535
"../../../Engine/Content/Functions/Engine_MaterialFunctions02/WorldPositionOffset/ComponentPivotLocation.uasset" 536
"../../../Engine/Content/Functions/Engine_MaterialFunctions02/WorldPositionOffset/ComponentPivotLocation.uexp" 537
"../../../Engine/Content/Functions/Engine_MaterialFunctions02/WorldPositionOffset/Sprite.uasset" 538
"../../../Engine/Content/Functions/Engine_MaterialFunctions02/WorldPositionOffset/Sprite.uexp" 539
"../../../Engine/Plugins/Experimental/Landmass/Content/Landscape/BlueprintBrushes/Materials/Sprite/M_BrushSprite_01.uasset" 540
"../../../Engine/Plugins/Experimental/Landmass/Content/Landscape/BlueprintBrushes/Materials/Sprite/M_BrushSprite_01.uexp" 541
"../../../Engine/Content/Functions/Engine_MaterialFunctions03/Procedurals/ComputeFilterWidth.uexp" 542
"../../../Engine/Content/Functions/Engine_MaterialFunctions03/Procedurals/ComputeFilterWidth.uasset" 543
"../../../Engine/Content/EngineMaterials/BlendFunc_DefBase.uexp" 544
"../../../Engine/Content/EngineMaterials/BlendFunc_DefBase.uasset" 545
"../../../Engine/Content/EngineMaterials/BlendFunc_DefBlend.uasset" 546
"../../../Engine/Content/EngineMaterials/BlendFunc_DefBlend.uexp" 547
"../../../Engine/Content/Functions/Engine_MaterialFunctions03/Blends/Blend_Screen.uasset" 548
"../../../Engine/Content/Functions/Engine_MaterialFunctions03/Blends/Blend_Screen.uexp" 549
"../../../Engine/Content/EditorMaterials/TilingAALineIntegral.uasset" 550
"../../../Engine/Content/EditorMaterials/TilingAALineIntegral.uexp" 551
"../../../Engine/Content/EditorMaterials/TilingAALineBoxFiltered.uasset" 552
"../../../Engine/Content/EditorMaterials/TilingAALineBoxFiltered.uexp" 553
"../../../Engine/Content/EditorMaterials/TilingAAGrid.uasset" 554
"../../../Engine/Content/EditorMaterials/TilingAAGrid.uexp" 555
"../../../Engine/Content/EngineResources/Black_Low.uexp" 556
"../../../Engine/Content/EngineResources/Black_Low.uasset" 557
"../../../Engine/Plugins/Experimental/Landmass/Content/Landscape/BlueprintBrushes/MPC/MPC_Landscape.uexp" 558
"../../../Engine/Plugins/Experimental/Landmass/Content/Landscape/BlueprintBrushes/MPC/MPC_Landscape.uasset" 559
"../../../Engine/Plugins/Experimental/Landmass/Content/Landscape/BlueprintBrushes/MF/PointSampleLandscapeUVs.uexp" 560
"../../../Engine/Plugins/Experimental/Landmass/Content/Landscape/BlueprintBrushes/MF/PointSampleLandscapeUVs.uasset" 561
"../../../Engine/Content/Functions/Engine_MaterialFunctions01/ImageAdjustment/SCurve.uexp" 562
"../../../Engine/Content/Functions/Engine_MaterialFunctions01/ImageAdjustment/SCurve.uasset" 563
"../../../Engine/Content/ArtTools/RenderToTexture/Textures/T_EV_BlankWhite_01.uasset" 564
"../../../Engine/Content/ArtTools/RenderToTexture/Textures/T_EV_BlankWhite_01.uexp" 565
"../../../Engine/Plugins/Experimental/Landmass/Content/Landscape/OldPrototype_BP/Mats/MF/UnpackRG8Height.uasset" 566
"../../../Engine/Plugins/Experimental/Landmass/Content/Landscape/OldPrototype_BP/Mats/MF/UnpackRG8Height.uexp" 567
"../../../Engine/Plugins/Experimental/Landmass/Content/Landscape/BlueprintBrushes/MF/LandmassBrush_UVs.uexp" 568
"../../../Engine/Plugins/Experimental/Landmass/Content/Landscape/BlueprintBrushes/MF/LandmassBrush_UVs.uasset" 569
"../../../Engine/Plugins/Experimental/Landmass/Content/Landscape/BlueprintBrushes/MF/LandmassBrush_EdgeFalloff.uexp" 570
"../../../Engine/Plugins/Experimental/Landmass/Content/Landscape/BlueprintBrushes/MF/LandmassBrush_EdgeFalloff.uasset" 571
"../../../Engine/Plugins/Experimental/Landmass/Content/Landscape/BlueprintBrushes/MF/Landmass_BrushTilt.uexp" 572
"../../../Engine/Plugins/Experimental/Landmass/Content/Landscape/BlueprintBrushes/MF/Landmass_BrushTilt.uasset" 573
"../../../Engine/Plugins/Experimental/Landmass/Content/Landscape/BlueprintBrushes/MF/LandmassBrush_Noise.uexp" 574
"../../../Engine/Plugins/Experimental/Landmass/Content/Landscape/BlueprintBrushes/MF/LandmassBrush_Noise.uasset" 575
"../../../Engine/Plugins/Experimental/Landmass/Content/Landscape/BlueprintBrushes/Materials/BrushMaterials/BasicFunctions/LandmassBrush_ShapeMask.uexp" 576
"../../../Engine/Plugins/Experimental/Landmass/Content/Landscape/BlueprintBrushes/Materials/BrushMaterials/BasicFunctions/LandmassBrush_ShapeMask.uasset" 577
"../../../Engine/Plugins/Experimental/Landmass/Content/Landscape/BlueprintBrushes/Materials/Internal/BrushBounds.uexp" 578
"../../../Engine/Plugins/Experimental/Landmass/Content/Landscape/BlueprintBrushes/Materials/Internal/BrushBounds.uasset" 579
"../../../Engine/Plugins/Media/MediaPlate/Content/SM_MediaPlateScreen.ubulk" 580
"../../../Engine/Plugins/Media/MediaPlate/Content/SM_MediaPlateScreen.uasset" 581
"../../../Engine/Plugins/Media/MediaPlate/Content/SM_MediaPlateScreen.uexp" 582
"../../../Engine/Content/EngineMeshes/Sphere.uasset" 583
"../../../Engine/Content/EngineMeshes/Sphere.ubulk" 584
"../../../Engine/Content/EngineMeshes/Sphere.uexp" 585
"../../../Engine/Content/EditorLandscapeResources/SplineEditorMeshMat.uasset" 586
"../../../Engine/Content/EditorLandscapeResources/SplineEditorMeshMat.uexp" 587
"../../../Engine/Content/EditorLandscapeResources/SplineEditorMesh.ubulk" 588
"../../../Engine/Content/EditorLandscapeResources/SplineEditorMesh.uexp" 589
"../../../Engine/Content/EditorLandscapeResources/SplineEditorMesh.uasset" 590
"../../../Engine/Content/BasicShapes/Cone.ubulk" 591
"../../../Engine/Content/BasicShapes/Cone.uexp" 592
"../../../Engine/Content/BasicShapes/Cone.uasset" 593
"../../../Engine/Content/BasicShapes/Plane.uasset" 594
"../../../Engine/Content/BasicShapes/Plane.ubulk" 595
"../../../Engine/Content/BasicShapes/Plane.uexp" 596
"../../../Engine/Content/BasicShapes/Cylinder.ubulk" 597
"../../../Engine/Content/BasicShapes/Cylinder.uasset" 598
"../../../Engine/Content/BasicShapes/Cylinder.uexp" 599
"../../../Engine/Plugins/Experimental/Water/Content/Meshes/LakeMesh.uexp" 600
"../../../Engine/Plugins/Experimental/Water/Content/Meshes/LakeMesh.ubulk" 601
"../../../Engine/Plugins/Experimental/Water/Content/Meshes/LakeMesh.uasset" 602
"../../../Engine/Plugins/Experimental/Water/Content/Meshes/RiverMesh.uexp" 603
"../../../Engine/Plugins/Experimental/Water/Content/Meshes/RiverMesh.uasset" 604
"../../../Engine/Plugins/Experimental/Water/Content/Meshes/RiverMesh.ubulk" 605
"../../../Engine/Plugins/Animation/ControlRig/Content/Controls/ControlRig_Diamond_1mm.uexp" 606
"../../../Engine/Plugins/Animation/ControlRig/Content/Controls/ControlRig_Diamond_1mm.ubulk" 607
"../../../Engine/Plugins/Animation/ControlRig/Content/Controls/ControlRig_Diamond_1mm.uasset" 608
"../../../Engine/Plugins/Animation/ControlRig/Content/Controls/ControlRig_RoundedTriangle_1mm.uexp" 609
"../../../Engine/Plugins/Animation/ControlRig/Content/Controls/ControlRig_RoundedTriangle_1mm.ubulk" 610
"../../../Engine/Plugins/Animation/ControlRig/Content/Controls/ControlRig_RoundedTriangle_1mm.uasset" 611
"../../../Engine/Plugins/Animation/ControlRig/Content/Controls/ControlRig_Octagon_1mm.ubulk" 612
"../../../Engine/Plugins/Animation/ControlRig/Content/Controls/ControlRig_Octagon_1mm.uexp" 613
"../../../Engine/Plugins/Animation/ControlRig/Content/Controls/ControlRig_Octagon_1mm.uasset" 614
"../../../Engine/Plugins/Animation/ControlRig/Content/Controls/ControlRig_HalfCircle_solid.uexp" 615
"../../../Engine/Plugins/Animation/ControlRig/Content/Controls/ControlRig_HalfCircle_solid.ubulk" 616
"../../../Engine/Plugins/Animation/ControlRig/Content/Controls/ControlRig_HalfCircle_solid.uasset" 617
"../../../Engine/Plugins/Animation/ControlRig/Content/Controls/ControlRig_QuarterCircle_1mm.ubulk" 618
"../../../Engine/Plugins/Animation/ControlRig/Content/Controls/ControlRig_QuarterCircle_1mm.uexp" 619
"../../../Engine/Plugins/Animation/ControlRig/Content/Controls/ControlRig_QuarterCircle_1mm.uasset" 620
"../../../Engine/Plugins/Animation/ControlRig/Content/Controls/ControlRig_Arrow2_3mm.uexp" 621
"../../../Engine/Plugins/Animation/ControlRig/Content/Controls/ControlRig_Arrow2_3mm.ubulk" 622
"../../../Engine/Plugins/Animation/ControlRig/Content/Controls/ControlRig_Arrow2_3mm.uasset" 623
"../../../Engine/Plugins/Animation/ControlRig/Content/Controls/ControlRig_Pyramid_3mm.uasset" 624
"../../../Engine/Plugins/Animation/ControlRig/Content/Controls/ControlRig_Pyramid_3mm.uexp" 625
"../../../Engine/Plugins/Animation/ControlRig/Content/Controls/ControlRig_Pyramid_3mm.ubulk" 626
"../../../Engine/Plugins/Animation/ControlRig/Content/Controls/ControlRig_Star4_3mm.ubulk" 627
"../../../Engine/Plugins/Animation/ControlRig/Content/Controls/ControlRig_Star4_3mm.uexp" 628
"../../../Engine/Plugins/Animation/ControlRig/Content/Controls/ControlRig_Star4_3mm.uasset" 629
"../../../Engine/Plugins/Animation/ControlRig/Content/Controls/ControlRig_Arrow2_1mm.uexp" 630
"../../../Engine/Plugins/Animation/ControlRig/Content/Controls/ControlRig_Arrow2_1mm.ubulk" 631
"../../../Engine/Plugins/Animation/ControlRig/Content/Controls/ControlRig_Arrow2_1mm.uasset" 632
"../../../Engine/Plugins/Animation/ControlRig/Content/Controls/ControlRig_Circle_1mm.uexp" 633
"../../../Engine/Plugins/Animation/ControlRig/Content/Controls/ControlRig_Circle_1mm.ubulk" 634
"../../../Engine/Plugins/Animation/ControlRig/Content/Controls/ControlRig_Circle_1mm.uasset" 635
"../../../Engine/Plugins/Animation/ControlRig/Content/Controls/ControlRig_Triangle_1mm.uasset" 636
"../../../Engine/Plugins/Animation/ControlRig/Content/Controls/ControlRig_Triangle_1mm.uexp" 637
"../../../Engine/Plugins/Animation/ControlRig/Content/Controls/ControlRig_Triangle_1mm.ubulk" 638
"../../../Engine/Plugins/Animation/ControlRig/Content/Controls/ControlRig_Sphere_3mm.uexp" 639
"../../../Engine/Plugins/Animation/ControlRig/Content/Controls/ControlRig_Sphere_3mm.ubulk" 640
"../../../Engine/Plugins/Animation/ControlRig/Content/Controls/ControlRig_Sphere_3mm.uasset" 641
"../../../Engine/Plugins/Animation/ControlRig/Content/Controls/ControlRig_Circle_solid.uexp" 642
"../../../Engine/Plugins/Animation/ControlRig/Content/Controls/ControlRig_Circle_solid.ubulk" 643
"../../../Engine/Plugins/Animation/ControlRig/Content/Controls/ControlRig_Circle_solid.uasset" 644
"../../../Engine/Plugins/Animation/ControlRig/Content/Controls/ControlRig_Arrow4_1mm.ubulk" 645
"../../../Engine/Plugins/Animation/ControlRig/Content/Controls/ControlRig_Arrow4_1mm.uexp" 646
"../../../Engine/Plugins/Animation/ControlRig/Content/Controls/ControlRig_Arrow4_1mm.uasset" 647
"../../../Engine/Plugins/Animation/ControlRig/Content/Controls/ControlRig_Arrow4_3mm.uasset" 648
"../../../Engine/Plugins/Animation/ControlRig/Content/Controls/ControlRig_Arrow4_3mm.uexp" 649
"../../../Engine/Plugins/Animation/ControlRig/Content/Controls/ControlRig_Arrow4_3mm.ubulk" 650
"../../../Engine/Plugins/Animation/ControlRig/Content/Controls/ControlRig_Hexagon_solid.ubulk" 651
"../../../Engine/Plugins/Animation/ControlRig/Content/Controls/ControlRig_Hexagon_solid.uexp" 652
"../../../Engine/Plugins/Animation/ControlRig/Content/Controls/ControlRig_Hexagon_solid.uasset" 653
"../../../Engine/Plugins/Animation/ControlRig/Content/Controls/ControlRig_Arrow_1mm.ubulk" 654
"../../../Engine/Plugins/Animation/ControlRig/Content/Controls/ControlRig_Arrow_1mm.uexp" 655
"../../../Engine/Plugins/Animation/ControlRig/Content/Controls/ControlRig_Arrow_1mm.uasset" 656
"../../../Engine/Plugins/Animation/ControlRig/Content/Controls/ControlRig_RoundedSquare_solid.uexp" 657
"../../../Engine/Plugins/Animation/ControlRig/Content/Controls/ControlRig_RoundedSquare_solid.ubulk" 658
"../../../Engine/Plugins/Animation/ControlRig/Content/Controls/ControlRig_RoundedSquare_solid.uasset" 659
"../../../Engine/Plugins/Animation/ControlRig/Content/Controls/ControlRig_Wedge_solid.uasset" 660
"../../../Engine/Plugins/Animation/ControlRig/Content/Controls/ControlRig_Wedge_solid.uexp" 661
"../../../Engine/Plugins/Animation/ControlRig/Content/Controls/ControlRig_Wedge_solid.ubulk" 662
"../../../Engine/Plugins/Animation/ControlRig/Content/Controls/ControlRig_Square_solid.ubulk" 663
"../../../Engine/Plugins/Animation/ControlRig/Content/Controls/ControlRig_Square_solid.uexp" 664
"../../../Engine/Plugins/Animation/ControlRig/Content/Controls/ControlRig_Square_solid.uasset" 665
"../../../Engine/Plugins/Animation/ControlRig/Content/Controls/ControlRig_Arrow_solid.ubulk" 666
"../../../Engine/Plugins/Animation/ControlRig/Content/Controls/ControlRig_Arrow_solid.uexp" 667
"../../../Engine/Plugins/Animation/ControlRig/Content/Controls/ControlRig_Arrow_solid.uasset" 668
"../../../Engine/Plugins/Animation/ControlRig/Content/Controls/ControlRig_HalfCircle_3mm.ubulk" 669
"../../../Engine/Plugins/Animation/ControlRig/Content/Controls/ControlRig_HalfCircle_3mm.uexp" 670
"../../../Engine/Plugins/Animation/ControlRig/Content/Controls/ControlRig_HalfCircle_3mm.uasset" 671
"../../../Engine/Plugins/Animation/ControlRig/Content/Controls/ControlRig_Diamond_3mm.ubulk" 672
"../../../Engine/Plugins/Animation/ControlRig/Content/Controls/ControlRig_Diamond_3mm.uexp" 673
"../../../Engine/Plugins/Animation/ControlRig/Content/Controls/ControlRig_Diamond_3mm.uasset" 674
"../../../Engine/Plugins/Animation/ControlRig/Content/Controls/ControlRig_Arrow_3mm.uasset" 675
"../../../Engine/Plugins/Animation/ControlRig/Content/Controls/ControlRig_Arrow_3mm.ubulk" 676
"../../../Engine/Plugins/Animation/ControlRig/Content/Controls/ControlRig_Arrow_3mm.uexp" 677
"../../../Engine/Plugins/Animation/ControlRig/Content/Controls/ControlRig_Box_1mm.uasset" 678
"../../../Engine/Plugins/Animation/ControlRig/Content/Controls/ControlRig_Box_1mm.uexp" 679
"../../../Engine/Plugins/Animation/ControlRig/Content/Controls/ControlRig_Box_1mm.ubulk" 680
"../../../Engine/Plugins/Animation/ControlRig/Content/Controls/ControlRig_Octagon_3mm.uasset" 681
"../../../Engine/Plugins/Animation/ControlRig/Content/Controls/ControlRig_Octagon_3mm.ubulk" 682
"../../../Engine/Plugins/Animation/ControlRig/Content/Controls/ControlRig_Octagon_3mm.uexp" 683
"../../../Engine/Plugins/Animation/ControlRig/Content/Controls/ControlRig_Box_solid.uasset" 684
"../../../Engine/Plugins/Animation/ControlRig/Content/Controls/ControlRig_Box_solid.uexp" 685
"../../../Engine/Plugins/Animation/ControlRig/Content/Controls/ControlRig_Box_solid.ubulk" 686
"../../../Engine/Plugins/Animation/ControlRig/Content/Controls/ControlRig_Arrow4_solid.uasset" 687
"../../../Engine/Plugins/Animation/ControlRig/Content/Controls/ControlRig_Arrow4_solid.uexp" 688
"../../../Engine/Plugins/Animation/ControlRig/Content/Controls/ControlRig_Arrow4_solid.ubulk" 689
"../../../Engine/Plugins/Animation/ControlRig/Content/Controls/ControlRig_Sphere_solid.uasset" 690
"../../../Engine/Plugins/Animation/ControlRig/Content/Controls/ControlRig_Sphere_solid.ubulk" 691
"../../../Engine/Plugins/Animation/ControlRig/Content/Controls/ControlRig_Sphere_solid.uexp" 692
"../../../Engine/Plugins/Animation/ControlRig/Content/Controls/ControlRig_Triangle_solid.uasset" 693
"../../../Engine/Plugins/Animation/ControlRig/Content/Controls/ControlRig_Triangle_solid.uexp" 694
"../../../Engine/Plugins/Animation/ControlRig/Content/Controls/ControlRig_Triangle_solid.ubulk" 695
"../../../Engine/Plugins/Animation/ControlRig/Content/Controls/ControlRig_HalfCircle_1mm.ubulk" 696
"../../../Engine/Plugins/Animation/ControlRig/Content/Controls/ControlRig_HalfCircle_1mm.uasset" 697
"../../../Engine/Plugins/Animation/ControlRig/Content/Controls/ControlRig_HalfCircle_1mm.uexp" 698
"../../../Engine/Plugins/Animation/ControlRig/Content/Controls/ControlRig_Circle_3mm.uasset" 699
"../../../Engine/Plugins/Animation/ControlRig/Content/Controls/ControlRig_Circle_3mm.uexp" 700
"../../../Engine/Plugins/Animation/ControlRig/Content/Controls/ControlRig_Circle_3mm.ubulk" 701
"../../../Engine/Plugins/Animation/ControlRig/Content/Controls/ControlRig_Triangle_3mm.uasset" 702
"../../../Engine/Plugins/Animation/ControlRig/Content/Controls/ControlRig_Triangle_3mm.uexp" 703
"../../../Engine/Plugins/Animation/ControlRig/Content/Controls/ControlRig_Triangle_3mm.ubulk" 704
"../../../Engine/Plugins/Animation/ControlRig/Content/Controls/ControlRig_Pyramid_1mm.uexp" 705
"../../../Engine/Plugins/Animation/ControlRig/Content/Controls/ControlRig_Pyramid_1mm.uasset" 706
"../../../Engine/Plugins/Animation/ControlRig/Content/Controls/ControlRig_Pyramid_1mm.ubulk" 707
"../../../Engine/Plugins/Animation/ControlRig/Content/Controls/ControlRig_Arrow2_solid.uasset" 708
"../../../Engine/Plugins/Animation/ControlRig/Content/Controls/ControlRig_Arrow2_solid.uexp" 709
"../../../Engine/Plugins/Animation/ControlRig/Content/Controls/ControlRig_Arrow2_solid.ubulk" 710
"../../../Engine/Plugins/Animation/ControlRig/Content/Controls/ControlRig_RoundedSquare_1mm.uasset" 711
"../../../Engine/Plugins/Animation/ControlRig/Content/Controls/ControlRig_RoundedSquare_1mm.ubulk" 712
"../../../Engine/Plugins/Animation/ControlRig/Content/Controls/ControlRig_RoundedSquare_1mm.uexp" 713
"../../../Engine/Plugins/Animation/ControlRig/Content/Controls/ControlRig_Star4_solid.uasset" 714
"../../../Engine/Plugins/Animation/ControlRig/Content/Controls/ControlRig_Star4_solid.ubulk" 715
"../../../Engine/Plugins/Animation/ControlRig/Content/Controls/ControlRig_Star4_solid.uexp" 716
"../../../Engine/Plugins/Animation/ControlRig/Content/Controls/ControlRig_Hexagon_1mm.uasset" 717
"../../../Engine/Plugins/Animation/ControlRig/Content/Controls/ControlRig_Hexagon_1mm.ubulk" 718
"../../../Engine/Plugins/Animation/ControlRig/Content/Controls/ControlRig_Hexagon_1mm.uexp" 719
"../../../Engine/Plugins/Animation/ControlRig/Content/Controls/ControlRig_Hexagon_3mm.uasset" 720
"../../../Engine/Plugins/Animation/ControlRig/Content/Controls/ControlRig_Hexagon_3mm.uexp" 721
"../../../Engine/Plugins/Animation/ControlRig/Content/Controls/ControlRig_Hexagon_3mm.ubulk" 722
"../../../Engine/Plugins/Animation/ControlRig/Content/Controls/ControlRig_Square_1mm.ubulk" 723
"../../../Engine/Plugins/Animation/ControlRig/Content/Controls/ControlRig_Square_1mm.uasset" 724
"../../../Engine/Plugins/Animation/ControlRig/Content/Controls/ControlRig_Square_1mm.uexp" 725
"../../../Engine/Plugins/Animation/ControlRig/Content/Controls/ControlRig_Box_3mm.uexp" 726
"../../../Engine/Plugins/Animation/ControlRig/Content/Controls/ControlRig_Box_3mm.uasset" 727
"../../../Engine/Plugins/Animation/ControlRig/Content/Controls/ControlRig_Box_3mm.ubulk" 728
"../../../Engine/Plugins/Animation/ControlRig/Content/Controls/ControlRig_Pyramid_solid.uasset" 729
"../../../Engine/Plugins/Animation/ControlRig/Content/Controls/ControlRig_Pyramid_solid.uexp" 730
"../../../Engine/Plugins/Animation/ControlRig/Content/Controls/ControlRig_Pyramid_solid.ubulk" 731
"../../../Engine/Plugins/Animation/ControlRig/Content/Controls/ControlRig_QuarterCircle_solid.uexp" 732
"../../../Engine/Plugins/Animation/ControlRig/Content/Controls/ControlRig_QuarterCircle_solid.uasset" 733
"../../../Engine/Plugins/Animation/ControlRig/Content/Controls/ControlRig_QuarterCircle_solid.ubulk" 734
"../../../Engine/Plugins/Animation/ControlRig/Content/Controls/ControlRig_RoundedSquare_3mm.ubulk" 735
"../../../Engine/Plugins/Animation/ControlRig/Content/Controls/ControlRig_RoundedSquare_3mm.uasset" 736
"../../../Engine/Plugins/Animation/ControlRig/Content/Controls/ControlRig_RoundedSquare_3mm.uexp" 737
"../../../Engine/Plugins/Animation/ControlRig/Content/Controls/ControlRig_Wedge_3mm.uexp" 738
"../../../Engine/Plugins/Animation/ControlRig/Content/Controls/ControlRig_Wedge_3mm.uasset" 739
"../../../Engine/Plugins/Animation/ControlRig/Content/Controls/ControlRig_Wedge_3mm.ubulk" 740
"../../../Engine/Plugins/Animation/ControlRig/Content/Controls/ControlRig_Wedge_1mm.uexp" 741
"../../../Engine/Plugins/Animation/ControlRig/Content/Controls/ControlRig_Wedge_1mm.uasset" 742
"../../../Engine/Plugins/Animation/ControlRig/Content/Controls/ControlRig_Wedge_1mm.ubulk" 743
"../../../Engine/Plugins/Animation/ControlRig/Content/Controls/ControlRig_Star4_1mm.uexp" 744
"../../../Engine/Plugins/Animation/ControlRig/Content/Controls/ControlRig_Star4_1mm.uasset" 745
"../../../Engine/Plugins/Animation/ControlRig/Content/Controls/ControlRig_Star4_1mm.ubulk" 746
"../../../Engine/Plugins/Animation/ControlRig/Content/Controls/ControlRig_RoundedTriangle_3mm.ubulk" 747
"../../../Engine/Plugins/Animation/ControlRig/Content/Controls/ControlRig_RoundedTriangle_3mm.uasset" 748
"../../../Engine/Plugins/Animation/ControlRig/Content/Controls/ControlRig_RoundedTriangle_3mm.uexp" 749
"../../../Engine/Plugins/Animation/ControlRig/Content/Controls/ControlRig_QuarterCircle_3mm.uexp" 750
"../../../Engine/Plugins/Animation/ControlRig/Content/Controls/ControlRig_QuarterCircle_3mm.uasset" 751
"../../../Engine/Plugins/Animation/ControlRig/Content/Controls/ControlRig_QuarterCircle_3mm.ubulk" 752
"../../../Engine/Plugins/Animation/ControlRig/Content/Controls/ControlRig_RoundedTriangle_solid.uasset" 753
"../../../Engine/Plugins/Animation/ControlRig/Content/Controls/ControlRig_RoundedTriangle_solid.uexp" 754
"../../../Engine/Plugins/Animation/ControlRig/Content/Controls/ControlRig_RoundedTriangle_solid.ubulk" 755
"../../../Engine/Plugins/Animation/ControlRig/Content/Controls/ControlRig_Octagon_solid.ubulk" 756
"../../../Engine/Plugins/Animation/ControlRig/Content/Controls/ControlRig_Octagon_solid.uasset" 757
"../../../Engine/Plugins/Animation/ControlRig/Content/Controls/ControlRig_Octagon_solid.uexp" 758
"../../../Engine/Plugins/Animation/ControlRig/Content/Controls/ControlRig_Diamond_solid.uexp" 759
"../../../Engine/Plugins/Animation/ControlRig/Content/Controls/ControlRig_Diamond_solid.uasset" 760
"../../../Engine/Plugins/Animation/ControlRig/Content/Controls/ControlRig_Diamond_solid.ubulk" 761
"../../../Engine/Plugins/Animation/ControlRig/Content/Controls/ControlRig_Sphere_1mm.ubulk" 762
"../../../Engine/Plugins/Animation/ControlRig/Content/Controls/ControlRig_Sphere_1mm.uasset" 763
"../../../Engine/Plugins/Animation/ControlRig/Content/Controls/ControlRig_Sphere_1mm.uexp" 764
"../../../Engine/Plugins/Animation/ControlRig/Content/Controls/ControlRig_Square_3mm.ubulk" 765
"../../../Engine/Plugins/Animation/ControlRig/Content/Controls/ControlRig_Square_3mm.uasset" 766
"../../../Engine/Plugins/Animation/ControlRig/Content/Controls/ControlRig_Square_3mm.uexp" 767
"../../../Engine/Content/EditorMaterials/Camera/CineMat.uasset" 768
"../../../Engine/Content/EditorMaterials/Camera/CineMat.uexp" 769
"../../../Engine/Content/EditorMaterials/Camera/MI_CineMat_Rig.uasset" 770
"../../../Engine/Content/EditorMaterials/Camera/MI_CineMat_Rig.uexp" 771
"../../../Engine/Content/EditorMeshes/Camera/SM_CraneRig_Base.uexp" 772
"../../../Engine/Content/EditorMeshes/Camera/SM_CraneRig_Base.ubulk" 773
"../../../Engine/Content/EditorMeshes/Camera/SM_CraneRig_Base.uasset" 774
"../../../Engine/Content/EditorMeshes/Camera/SM_CraneRig_Body.uexp" 775
"../../../Engine/Content/EditorMeshes/Camera/SM_CraneRig_Body.ubulk" 776
"../../../Engine/Content/EditorMeshes/Camera/SM_CraneRig_Body.uasset" 777
"../../../Engine/Content/EditorMeshes/Camera/SM_CraneRig_Arm.uexp" 778
"../../../Engine/Content/EditorMeshes/Camera/SM_CraneRig_Arm.ubulk" 779
"../../../Engine/Content/EditorMeshes/Camera/SM_CraneRig_Arm.uasset" 780
"../../../Engine/Content/EditorMeshes/Camera/SM_CraneRig_Mount.ubulk" 781
"../../../Engine/Content/EditorMeshes/Camera/SM_CraneRig_Mount.uexp" 782
"../../../Engine/Content/EditorMeshes/Camera/SM_CraneRig_Mount.uasset" 783
"../../../Engine/Content/EditorMeshes/Camera/SM_RailRig_Mount.ubulk" 784
"../../../Engine/Content/EditorMeshes/Camera/SM_RailRig_Mount.uasset" 785
"../../../Engine/Content/EditorMeshes/Camera/SM_RailRig_Mount.uexp" 786
"../../../Engine/Content/EditorMeshes/Camera/SM_RailRig_Track.uasset" 787
"../../../Engine/Content/EditorMeshes/Camera/SM_RailRig_Track.uexp" 788
"../../../Engine/Content/EditorMeshes/Camera/SM_RailRig_Track.ubulk" 789
"../../../Engine/Plugins/Experimental/Landmass/Content/Landscape/Meshes/S_SpritePlane.uasset" 790
"../../../Engine/Plugins/Experimental/Landmass/Content/Landscape/Meshes/S_SpritePlane.uexp" 791
"../../../Engine/Plugins/Experimental/Landmass/Content/Landscape/Meshes/S_SpritePlane.ubulk" 792
"../../../Engine/Content/VREditor/LaserPointer/VR_LaserPower_01.ubulk" 793
"../../../Engine/Content/VREditor/LaserPointer/VR_LaserPower_01.uexp" 794
"../../../Engine/Content/VREditor/LaserPointer/VR_LaserPower_01.uasset" 795
"../../../Engine/Content/VREditor/TransformGizmo/TransformGizmoMaterial.uexp" 796
"../../../Engine/Content/VREditor/TransformGizmo/TransformGizmoMaterial.uasset" 797
"../../../Engine/Content/VREditor/TransformGizmo/TranslucentTransformGizmoMaterial.uasset" 798
"../../../Engine/Content/VREditor/TransformGizmo/TranslucentTransformGizmoMaterial.uexp" 799
"../../../Engine/Content/VREditor/TransformGizmo/BoundingBoxCorner.uasset" 800
"../../../Engine/Content/VREditor/TransformGizmo/BoundingBoxCorner.uexp" 801
"../../../Engine/Content/VREditor/TransformGizmo/BoundingBoxCorner.ubulk" 802
"../../../Engine/Content/VREditor/TransformGizmo/Main.uexp" 803
"../../../Engine/Content/VREditor/TransformGizmo/Main.uasset" 804
"../../../Engine/Content/VREditor/TransformGizmo/Xray.uasset" 805
"../../../Engine/Content/VREditor/TransformGizmo/Xray.uexp" 806
"../../../Engine/Content/VREditor/TransformGizmo/SM_Sequencer_Node.uasset" 807
"../../../Engine/Content/VREditor/TransformGizmo/SM_Sequencer_Node.uexp" 808
"../../../Engine/Content/VREditor/TransformGizmo/SM_Sequencer_Node.ubulk" 809
"../../../Engine/Content/VREditor/TransformGizmo/BoundingBoxEdge.uexp" 810
"../../../Engine/Content/VREditor/TransformGizmo/BoundingBoxEdge.uasset" 811
"../../../Engine/Content/VREditor/TransformGizmo/BoundingBoxEdge.ubulk" 812
"../../../Engine/Content/ArtTools/RenderToTexture/Meshes/S_1_Unit_Plane.uasset" 813
"../../../Engine/Content/ArtTools/RenderToTexture/Meshes/S_1_Unit_Plane.ubulk" 814
"../../../Engine/Content/ArtTools/RenderToTexture/Meshes/S_1_Unit_Plane.uexp" 815
"../../../Engine/Content/EngineResources/DefaultTextureCube.uasset" 816
"../../../Engine/Content/EngineResources/DefaultTextureCube.uexp" 817
"../../../Engine/Content/EngineResources/DefaultVolumeTexture2D.uexp" 818
"../../../Engine/Content/EngineResources/DefaultVolumeTexture2D.uasset" 819
"../../../Engine/Content/EngineResources/DefaultVolumeTexture.uasset" 820
"../../../Engine/Content/EngineResources/DefaultVolumeTexture.uexp" 821
"../../../Engine/Content/EngineMaterials/Substrate/GLints/AGlintTex2dArray.uexp" 822
"../../../Engine/Content/EngineMaterials/Substrate/GLints/AGlintTex2dArray.uasset" 823
"../../../Engine/Content/EngineMaterials/Substrate/Glints2/AGlintTex2dArray2.uexp" 824
"../../../Engine/Content/EngineMaterials/Substrate/Glints2/AGlintTex2dArray2.uasset" 825
"../../../Engine/Content/EngineMaterials/Substrate/Volume/SubstrateSimpleVolumeLUT3D.uasset" 826
"../../../Engine/Content/EngineMaterials/Substrate/Volume/SubstrateSimpleVolumeLUT3D.uexp" 827
"../../../Engine/Content/EngineMaterials/Substrate/Volume/SubstrateSimpleVolumeEnvLUT3D.uasset" 828
"../../../Engine/Content/EngineMaterials/Substrate/Volume/SubstrateSimpleVolumeEnvLUT3D.uexp" 829
"../../../Engine/Plugins/Interchange/Assets/Content/gltf/Textures/T_White_srgb.uexp" 830
"../../../Engine/Plugins/Interchange/Assets/Content/gltf/Textures/T_White_srgb.uasset" 831
"../../../Engine/Plugins/Interchange/Assets/Content/gltf/MaterialFunctions/MF_BaseColor.uasset" 832
"../../../Engine/Plugins/Interchange/Assets/Content/gltf/MaterialFunctions/MF_BaseColor.uexp" 833
"../../../Engine/Plugins/Interchange/Assets/Content/gltf/MaterialFunctions/MF_RotateV2.uasset" 834
"../../../Engine/Plugins/Interchange/Assets/Content/gltf/MaterialFunctions/MF_RotateV2.uexp" 835
"../../../Engine/Plugins/Interchange/Assets/Content/gltf/MaterialFunctions/MF_TransformUVs.uexp" 836
"../../../Engine/Plugins/Interchange/Assets/Content/gltf/MaterialFunctions/MF_TransformUVs.uasset" 837
"../../../Engine/Plugins/Interchange/Assets/Content/gltf/MaterialBodies/MF_Unlit_Body.uexp" 838
"../../../Engine/Plugins/Interchange/Assets/Content/gltf/MaterialBodies/MF_Unlit_Body.uasset" 839
"../../../Engine/Plugins/Interchange/Assets/Content/gltf/M_Unlit.uasset" 840
"../../../Engine/Plugins/Interchange/Assets/Content/gltf/M_Unlit.uexp" 841
"../../../Engine/Plugins/Interchange/Assets/Content/gltf/MaterialInstances/MI_Unlit_Blend.uasset" 842
"../../../Engine/Plugins/Interchange/Assets/Content/gltf/MaterialInstances/MI_Unlit_Blend.uexp" 843
"../../../Engine/Content/EngineMaterials/Good64x64TilingNoiseHighFreq.uasset" 844
"../../../Engine/Content/EngineMaterials/Good64x64TilingNoiseHighFreq.uexp" 845
"../../../Engine/Content/Functions/Engine_MaterialFunctions02/Texturing/ScreenAlignedPixelToPixelUVs.uexp" 846
"../../../Engine/Content/Functions/Engine_MaterialFunctions02/Texturing/ScreenAlignedPixelToPixelUVs.uasset" 847
"../../../Engine/Plugins/Interchange/Assets/Content/Utilities/New_LUT.uasset" 848
"../../../Engine/Plugins/Interchange/Assets/Content/Utilities/New_LUT.uexp" 849
"../../../Engine/Content/Functions/Engine_MaterialFunctions03/Math/RemapValueRange.uexp" 850
"../../../Engine/Content/Functions/Engine_MaterialFunctions03/Math/RemapValueRange.uasset" 851
"../../../Engine/Plugins/Interchange/Assets/Content/Functions/MF_Iridescence.uexp" 852
"../../../Engine/Plugins/Interchange/Assets/Content/Functions/MF_Iridescence.uasset" 853
"../../../Engine/Plugins/Interchange/Assets/Content/gltf/MaterialFunctions/MF_IOR.uasset" 854
"../../../Engine/Plugins/Interchange/Assets/Content/gltf/MaterialFunctions/MF_IOR.uexp" 855
"../../../Engine/Plugins/Interchange/Assets/Content/gltf/MaterialFunctions/MF_Iridescence.uexp" 856
"../../../Engine/Plugins/Interchange/Assets/Content/gltf/MaterialFunctions/MF_Iridescence.uasset" 857
"../../../Engine/Plugins/Interchange/Assets/Content/gltf/Textures/T_White_Linear.uasset" 858
"../../../Engine/Plugins/Interchange/Assets/Content/gltf/Textures/T_White_Linear.uexp" 859
"../../../Engine/Plugins/Interchange/Assets/Content/gltf/MaterialFunctions/MF_MetallicRoughness.uexp" 860
"../../../Engine/Plugins/Interchange/Assets/Content/gltf/MaterialFunctions/MF_MetallicRoughness.uasset" 861
"../../../Engine/Content/Functions/Engine_MaterialFunctions02/Math/Transform3x3Matrix.uexp" 862
"../../../Engine/Content/Functions/Engine_MaterialFunctions02/Math/Transform3x3Matrix.uasset" 863
"../../../Engine/Plugins/Interchange/Assets/Content/gltf/MaterialFunctions/MF_RotateNormals_TS.uexp" 864
"../../../Engine/Plugins/Interchange/Assets/Content/gltf/MaterialFunctions/MF_RotateNormals_TS.uasset" 865
"../../../Engine/Plugins/Interchange/Assets/Content/gltf/MaterialFunctions/MF_ScaleNormal.uasset" 866
"../../../Engine/Plugins/Interchange/Assets/Content/gltf/MaterialFunctions/MF_ScaleNormal.uexp" 867
"../../../Engine/Plugins/Interchange/Assets/Content/gltf/Textures/T_Generic_N.uasset" 868
"../../../Engine/Plugins/Interchange/Assets/Content/gltf/Textures/T_Generic_N.uexp" 869
"../../../Engine/Plugins/Interchange/Assets/Content/gltf/MaterialFunctions/MF_Normals.uexp" 870
"../../../Engine/Plugins/Interchange/Assets/Content/gltf/MaterialFunctions/MF_Normals.uasset" 871
"../../../Engine/Plugins/Interchange/Assets/Content/gltf/MaterialFunctions/MF_Occlusion.uasset" 872
"../../../Engine/Plugins/Interchange/Assets/Content/gltf/MaterialFunctions/MF_Occlusion.uexp" 873
"../../../Engine/Plugins/Interchange/Assets/Content/gltf/MaterialFunctions/MF_Specular.uasset" 874
"../../../Engine/Plugins/Interchange/Assets/Content/gltf/MaterialFunctions/MF_Specular.uexp" 875
"../../../Engine/Plugins/Interchange/Assets/Content/gltf/Textures/T_Anisotropy_Direction_Linear.uasset" 876
"../../../Engine/Plugins/Interchange/Assets/Content/gltf/Textures/T_Anisotropy_Direction_Linear.uexp" 877
"../../../Engine/Plugins/Interchange/Assets/Content/gltf/MaterialFunctions/MF_SpecularAnisotropy.uasset" 878
"../../../Engine/Plugins/Interchange/Assets/Content/gltf/MaterialFunctions/MF_SpecularAnisotropy.uexp" 879
"../../../Engine/Plugins/Interchange/Assets/Content/gltf/MaterialFunctions/MF_Fresnel_DS.uasset" 880
"../../../Engine/Plugins/Interchange/Assets/Content/gltf/MaterialFunctions/MF_Fresnel_DS.uexp" 881
"../../../Engine/Plugins/Interchange/Assets/Content/gltf/MaterialFunctions/MF_Temporal_Blur.uasset" 882
"../../../Engine/Plugins/Interchange/Assets/Content/gltf/MaterialFunctions/MF_Temporal_Blur.uexp" 883
"../../../Engine/Plugins/Interchange/Assets/Content/gltf/MaterialFunctions/MF_Transmission.uasset" 884
"../../../Engine/Plugins/Interchange/Assets/Content/gltf/MaterialFunctions/MF_Transmission.uexp" 885
"../../../Engine/Plugins/Interchange/Assets/Content/gltf/MaterialBodies/MF_Transmission_Body.uasset" 886
"../../../Engine/Plugins/Interchange/Assets/Content/gltf/MaterialBodies/MF_Transmission_Body.uexp" 887
"../../../Engine/Plugins/Interchange/Assets/Content/gltf/M_Transmission.uasset" 888
"../../../Engine/Plugins/Interchange/Assets/Content/gltf/M_Transmission.uexp" 889
"../../../Engine/Plugins/Interchange/Assets/Content/gltf/MaterialInstances/MI_Transmission.uasset" 890
"../../../Engine/Plugins/Interchange/Assets/Content/gltf/MaterialInstances/MI_Transmission.uexp" 891
"../../../Engine/Plugins/Interchange/Assets/Content/gltf/MaterialFunctions/MF_Emissive.uasset" 892
"../../../Engine/Plugins/Interchange/Assets/Content/gltf/MaterialFunctions/MF_Emissive.uexp" 893
"../../../Engine/Plugins/Interchange/Assets/Content/gltf/MaterialBodies/MF_Default_Body.uasset" 894
"../../../Engine/Plugins/Interchange/Assets/Content/gltf/MaterialBodies/MF_Default_Body.uexp" 895
"../../../Engine/Plugins/Interchange/Assets/Content/gltf/M_Default.uasset" 896
"../../../Engine/Plugins/Interchange/Assets/Content/gltf/M_Default.uexp" 897
"../../../Engine/Plugins/Interchange/Assets/Content/gltf/MaterialInstances/MI_Default_Mask_DS.uasset" 898
"../../../Engine/Plugins/Interchange/Assets/Content/gltf/MaterialInstances/MI_Default_Mask_DS.uexp" 899
"../../../Engine/Plugins/Interchange/Assets/Content/gltf/MaterialInstances/MI_Default_Mask.uasset" 900
"../../../Engine/Plugins/Interchange/Assets/Content/gltf/MaterialInstances/MI_Default_Mask.uexp" 901
"../../../Engine/Plugins/Interchange/Assets/Content/gltf/MaterialFunctions/MF_Sheen.uasset" 902
"../../../Engine/Plugins/Interchange/Assets/Content/gltf/MaterialFunctions/MF_Sheen.uexp" 903
"../../../Engine/Plugins/Interchange/Assets/Content/gltf/MaterialBodies/MF_Sheen_Body.uasset" 904
"../../../Engine/Plugins/Interchange/Assets/Content/gltf/MaterialBodies/MF_Sheen_Body.uexp" 905
"../../../Engine/Plugins/Interchange/Assets/Content/gltf/M_Sheen.uexp" 906
"../../../Engine/Plugins/Interchange/Assets/Content/gltf/M_Sheen.uasset" 907
"../../../Engine/Plugins/Interchange/Assets/Content/gltf/MaterialInstances/MI_Sheen_Opaque_DS.uasset" 908
"../../../Engine/Plugins/Interchange/Assets/Content/gltf/MaterialInstances/MI_Sheen_Opaque_DS.uexp" 909
"../../../Engine/Plugins/Interchange/Assets/Content/gltf/MaterialInstances/MI_Default_Opaque.uasset" 910
"../../../Engine/Plugins/Interchange/Assets/Content/gltf/MaterialInstances/MI_Default_Opaque.uexp" 911
"../../../Engine/Plugins/Interchange/Assets/Content/gltf/MaterialFunctions/MF_DiffuseSpecGloss.uexp" 912
"../../../Engine/Plugins/Interchange/Assets/Content/gltf/MaterialFunctions/MF_DiffuseSpecGloss.uasset" 913
"../../../Engine/Plugins/Interchange/Assets/Content/gltf/MaterialFunctions/MF_MaxComponentValue.uexp" 914
"../../../Engine/Plugins/Interchange/Assets/Content/gltf/MaterialFunctions/MF_MaxComponentValue.uasset" 915
"../../../Engine/Content/Functions/Engine_MaterialFunctions02/Math/AddComponents.uasset" 916
"../../../Engine/Content/Functions/Engine_MaterialFunctions02/Math/AddComponents.uexp" 917
"../../../Engine/Plugins/Interchange/Assets/Content/gltf/MaterialFunctions/MF_PerceivedBrightness.uasset" 918
"../../../Engine/Plugins/Interchange/Assets/Content/gltf/MaterialFunctions/MF_PerceivedBrightness.uexp" 919
"../../../Engine/Plugins/Interchange/Assets/Content/gltf/MaterialFunctions/MF_SpecGlossToMetalRoughness.uasset" 920
"../../../Engine/Plugins/Interchange/Assets/Content/gltf/MaterialFunctions/MF_SpecGlossToMetalRoughness.uexp" 921
"../../../Engine/Plugins/Interchange/Assets/Content/gltf/MaterialBodies/MF_SpecularGlossiness_Body.uasset" 922
"../../../Engine/Plugins/Interchange/Assets/Content/gltf/MaterialBodies/MF_SpecularGlossiness_Body.uexp" 923
"../../../Engine/Plugins/Interchange/Assets/Content/gltf/M_SpecularGlossiness.uasset" 924
"../../../Engine/Plugins/Interchange/Assets/Content/gltf/M_SpecularGlossiness.uexp" 925
"../../../Engine/Plugins/Interchange/Assets/Content/gltf/MaterialInstances/MI_SpecularGlossiness_Blend.uasset" 926
"../../../Engine/Plugins/Interchange/Assets/Content/gltf/MaterialInstances/MI_SpecularGlossiness_Blend.uexp" 927
"../../../Engine/Content/Functions/Engine_MaterialFunctions01/Texturing/FlattenNormal.uasset" 928
"../../../Engine/Content/Functions/Engine_MaterialFunctions01/Texturing/FlattenNormal.uexp" 929
"../../../Engine/Plugins/Interchange/Assets/Content/gltf/MaterialFunctions/MF_Clearcoat.uasset" 930
"../../../Engine/Plugins/Interchange/Assets/Content/gltf/MaterialFunctions/MF_Clearcoat.uexp" 931
"../../../Engine/Plugins/Interchange/Assets/Content/gltf/MaterialBodies/MF_ClearCoat_Body.uasset" 932
"../../../Engine/Plugins/Interchange/Assets/Content/gltf/MaterialBodies/MF_ClearCoat_Body.uexp" 933
"../../../Engine/Plugins/Interchange/Assets/Content/gltf/M_ClearCoat.uasset" 934
"../../../Engine/Plugins/Interchange/Assets/Content/gltf/M_ClearCoat.uexp" 935
"../../../Engine/Plugins/Interchange/Assets/Content/gltf/MaterialInstances/MI_ClearCoat_Blend_DS.uasset" 936
"../../../Engine/Plugins/Interchange/Assets/Content/gltf/MaterialInstances/MI_ClearCoat_Blend_DS.uexp" 937
"../../../Engine/Plugins/Interchange/Assets/Content/gltf/MaterialInstances/MI_Sheen_Mask.uasset" 938
"../../../Engine/Plugins/Interchange/Assets/Content/gltf/MaterialInstances/MI_Sheen_Mask.uexp" 939
"../../../Engine/Plugins/Interchange/Assets/Content/gltf/MaterialInstances/MI_Sheen_Opaque.uasset" 940
"../../../Engine/Plugins/Interchange/Assets/Content/gltf/MaterialInstances/MI_Sheen_Opaque.uexp" 941
"../../../Engine/Plugins/Interchange/Assets/Content/gltf/MaterialInstances/MI_Unlit_Mask.uasset" 942
"../../../Engine/Plugins/Interchange/Assets/Content/gltf/MaterialInstances/MI_Unlit_Mask.uexp" 943
"../../../Engine/Plugins/Interchange/Assets/Content/gltf/MaterialInstances/MI_SpecularGlossiness_Mask_DS.uasset" 944
"../../../Engine/Plugins/Interchange/Assets/Content/gltf/MaterialInstances/MI_SpecularGlossiness_Mask_DS.uexp" 945
"../../../Engine/Plugins/Interchange/Assets/Content/gltf/MaterialInstances/MI_Unlit_Mask_DS.uasset" 946
"../../../Engine/Plugins/Interchange/Assets/Content/gltf/MaterialInstances/MI_Unlit_Mask_DS.uexp" 947
"../../../Engine/Plugins/Interchange/Assets/Content/gltf/MaterialInstances/MI_Sheen_Blend_DS.uexp" 948
"../../../Engine/Plugins/Interchange/Assets/Content/gltf/MaterialInstances/MI_Sheen_Blend_DS.uasset" 949
"../../../Engine/Plugins/Interchange/Assets/Content/gltf/MaterialInstances/MI_Unlit_Opaque_DS.uexp" 950
"../../../Engine/Plugins/Interchange/Assets/Content/gltf/MaterialInstances/MI_Unlit_Opaque_DS.uasset" 951
"../../../Engine/Plugins/Interchange/Assets/Content/gltf/MaterialInstances/MI_Default_Blend_DS.uasset" 952
"../../../Engine/Plugins/Interchange/Assets/Content/gltf/MaterialInstances/MI_Default_Blend_DS.uexp" 953
"../../../Engine/Plugins/Interchange/Assets/Content/gltf/MaterialInstances/MI_Transmission_DS.uexp" 954
"../../../Engine/Plugins/Interchange/Assets/Content/gltf/MaterialInstances/MI_Transmission_DS.uasset" 955
"../../../Engine/Plugins/Interchange/Assets/Content/gltf/MaterialInstances/MI_ClearCoat_Mask_DS.uexp" 956
"../../../Engine/Plugins/Interchange/Assets/Content/gltf/MaterialInstances/MI_ClearCoat_Mask_DS.uasset" 957
"../../../Engine/Plugins/Interchange/Assets/Content/gltf/MaterialInstances/MI_ClearCoat_Opaque_DS.uexp" 958
"../../../Engine/Plugins/Interchange/Assets/Content/gltf/MaterialInstances/MI_ClearCoat_Opaque_DS.uasset" 959
"../../../Engine/Plugins/Interchange/Assets/Content/gltf/MaterialInstances/MI_SpecularGlossiness_Blend_DS.uasset" 960
"../../../Engine/Plugins/Interchange/Assets/Content/gltf/MaterialInstances/MI_SpecularGlossiness_Blend_DS.uexp" 961
"../../../Engine/Plugins/Interchange/Assets/Content/gltf/MaterialInstances/MI_SpecularGlossiness_Mask.uexp" 962
"../../../Engine/Plugins/Interchange/Assets/Content/gltf/MaterialInstances/MI_SpecularGlossiness_Mask.uasset" 963
"../../../Engine/Plugins/Interchange/Assets/Content/gltf/MaterialInstances/MI_Default_Blend.uexp" 964
"../../../Engine/Plugins/Interchange/Assets/Content/gltf/MaterialInstances/MI_Default_Blend.uasset" 965
"../../../Engine/Plugins/Interchange/Assets/Content/gltf/MaterialInstances/MI_Default_Opaque_DS.uexp" 966
"../../../Engine/Plugins/Interchange/Assets/Content/gltf/MaterialInstances/MI_Default_Opaque_DS.uasset" 967
"../../../Engine/Plugins/Interchange/Assets/Content/gltf/MaterialInstances/MI_SpecularGlossiness_Opaque_DS.uexp" 968
"../../../Engine/Plugins/Interchange/Assets/Content/gltf/MaterialInstances/MI_SpecularGlossiness_Opaque_DS.uasset" 969
"../../../Engine/Plugins/Interchange/Assets/Content/gltf/MaterialInstances/MI_ClearCoat_Blend.uexp" 970
"../../../Engine/Plugins/Interchange/Assets/Content/gltf/MaterialInstances/MI_ClearCoat_Blend.uasset" 971
"../../../Engine/Plugins/Interchange/Assets/Content/gltf/MaterialInstances/MI_Unlit_Opaque.uexp" 972
"../../../Engine/Plugins/Interchange/Assets/Content/gltf/MaterialInstances/MI_Unlit_Opaque.uasset" 973
"../../../Engine/Plugins/Interchange/Assets/Content/gltf/MaterialInstances/MI_Sheen_Blend.uexp" 974
"../../../Engine/Plugins/Interchange/Assets/Content/gltf/MaterialInstances/MI_Sheen_Blend.uasset" 975
"../../../Engine/Plugins/Interchange/Assets/Content/gltf/MaterialInstances/MI_SpecularGlossiness_Opaque.uexp" 976
"../../../Engine/Plugins/Interchange/Assets/Content/gltf/MaterialInstances/MI_SpecularGlossiness_Opaque.uasset" 977
"../../../Engine/Plugins/Interchange/Assets/Content/gltf/MaterialInstances/MI_ClearCoat_Mask.uexp" 978
"../../../Engine/Plugins/Interchange/Assets/Content/gltf/MaterialInstances/MI_ClearCoat_Mask.uasset" 979
"../../../Engine/Plugins/Interchange/Assets/Content/gltf/MaterialInstances/MI_Sheen_Mask_DS.uexp" 980
"../../../Engine/Plugins/Interchange/Assets/Content/gltf/MaterialInstances/MI_Sheen_Mask_DS.uasset" 981
"../../../Engine/Plugins/Interchange/Assets/Content/gltf/MaterialInstances/MI_Unlit_Blend_DS.uexp" 982
"../../../Engine/Plugins/Interchange/Assets/Content/gltf/MaterialInstances/MI_Unlit_Blend_DS.uasset" 983
"../../../Engine/Plugins/Interchange/Assets/Content/gltf/MaterialInstances/MI_ClearCoat_Opaque.uexp" 984
"../../../Engine/Plugins/Interchange/Assets/Content/gltf/MaterialInstances/MI_ClearCoat_Opaque.uasset" 985
"../../../Engine/Content/Functions/Engine_MaterialFunctions03/Math/WithinRangeFloat2.uasset" 986
"../../../Engine/Content/Functions/Engine_MaterialFunctions03/Math/WithinRangeFloat2.uexp" 987
"../../../Engine/Content/EditorLandscapeResources/MaskBrushMaterial.uasset" 988
"../../../Engine/Content/EditorLandscapeResources/MaskBrushMaterial.uexp" 989
"../../../Engine/Content/EditorLandscapeResources/MaskBrushMaterial_MaskedRegion.uasset" 990
"../../../Engine/Content/EditorLandscapeResources/MaskBrushMaterial_MaskedRegion.uexp" 991
"../../../Engine/Content/EditorLandscapeResources/SelectBrushMaterial.uexp" 992
"../../../Engine/Content/EditorLandscapeResources/SelectBrushMaterial.uasset" 993
"../../../Engine/Content/EditorLandscapeResources/SelectBrushMaterial_SelectedRegion.uasset" 994
"../../../Engine/Content/EditorLandscapeResources/SelectBrushMaterial_SelectedRegion.uexp" 995
"../../../Engine/Content/EditorLandscapeResources/ColorMaskBrushMaterial.uexp" 996
"../../../Engine/Content/EditorLandscapeResources/ColorMaskBrushMaterial.uasset" 997
"../../../Engine/Content/EditorLandscapeResources/ColorMaskBrushMaterial_MaskedRegion.uexp" 998
"../../../Engine/Content/EditorLandscapeResources/ColorMaskBrushMaterial_MaskedRegion.uasset" 999
"../../../Engine/Content/EditorLandscapeResources/SelectBrushMaterial_Selected.uexp" 1000
"../../../Engine/Content/EditorLandscapeResources/SelectBrushMaterial_Selected.uasset" 1001
"../../../Engine/Content/EngineResources/WhiteSquareTexture.uasset" 1002
"../../../Engine/Content/EngineResources/WhiteSquareTexture.uexp" 1003
"../../../Engine/Content/EngineMaterials/Widget3DPassThrough.uasset" 1004
"../../../Engine/Content/EngineMaterials/Widget3DPassThrough.uexp" 1005
"../../../Engine/Content/EngineMaterials/Widget3DPassThrough_Translucent.uasset" 1006
"../../../Engine/Content/EngineMaterials/Widget3DPassThrough_Translucent.uexp" 1007
"../../../Engine/Content/EngineMaterials/Widget3DPassThrough_Translucent_OneSided.uasset" 1008
"../../../Engine/Content/EngineMaterials/Widget3DPassThrough_Translucent_OneSided.uexp" 1009
"../../../Engine/Content/EngineMaterials/Widget3DPassThrough_Opaque.uexp" 1010
"../../../Engine/Content/EngineMaterials/Widget3DPassThrough_Opaque.uasset" 1011
"../../../Engine/Content/EngineMaterials/Widget3DPassThrough_Masked_OneSided.uasset" 1012
"../../../Engine/Content/EngineMaterials/Widget3DPassThrough_Masked_OneSided.uexp" 1013
"../../../Engine/Content/EngineMaterials/WeightMapPlaceholderTexture.uasset" 1014
"../../../Engine/Content/EngineMaterials/WeightMapPlaceholderTexture.uexp" 1015
"../../../Engine/Content/EngineMaterials/WeightMapArrayPlaceholderTexture.uexp" 1016
"../../../Engine/Content/EngineMaterials/WeightMapArrayPlaceholderTexture.uasset" 1017
"../../../Engine/Content/EngineMaterials/Widget3DPassThrough_Masked.uexp" 1018
"../../../Engine/Content/EngineMaterials/Widget3DPassThrough_Masked.uasset" 1019
"../../../Engine/Content/EngineMaterials/Widget3DPassThrough_Opaque_OneSided.uexp" 1020
"../../../Engine/Content/EngineMaterials/Widget3DPassThrough_Opaque_OneSided.uasset" 1021
"../../../Engine/Plugins/2D/Paper2D/Content/DefaultSpriteMaterial.uasset" 1022
"../../../Engine/Plugins/2D/Paper2D/Content/DefaultSpriteMaterial.uexp" 1023
"../../../Engine/Plugins/2D/Paper2D/Content/MaskedUnlitSpriteMaterial.uasset" 1024
"../../../Engine/Plugins/2D/Paper2D/Content/MaskedUnlitSpriteMaterial.uexp" 1025
"../../../Engine/Plugins/2D/Paper2D/Content/OpaqueUnlitSpriteMaterial.uasset" 1026
"../../../Engine/Plugins/2D/Paper2D/Content/OpaqueUnlitSpriteMaterial.uexp" 1027
"/home/evelyn/Documents/Unreal Projects/Bramble64/Content/Characters/Bramble/IMC_Default1.uexp" 1028
"/home/evelyn/Documents/Unreal Projects/Bramble64/Content/Characters/Bramble/IMC_Default1.uasset" 1029
"../../../Engine/Content/VREditor/Sounds/UI/Drop_Item_From_ContentBrowser.uexp" 1030
"../../../Engine/Content/VREditor/Sounds/UI/Drop_Item_From_ContentBrowser.uasset" 1031
"../../../Engine/Content/VREditor/Sounds/UI/Drop_Item_From_ContentBrowser.ubulk" 1032
"../../../Engine/Content/VREditor/TransformGizmo/TransformGizmoMaterial_Inst.uexp" 1033
"../../../Engine/Content/VREditor/TransformGizmo/TransformGizmoMaterial_Inst.uasset" 1034
"../../../Engine/Content/VREditor/TransformGizmo/TranslucentTransformGizmoMaterial_Inst.uexp" 1035
"../../../Engine/Content/VREditor/TransformGizmo/TranslucentTransformGizmoMaterial_Inst.uasset" 1036
"../../../Engine/Content/VREditor/TransformGizmo/RotationHandleQuarter.ubulk" 1037
"../../../Engine/Content/VREditor/TransformGizmo/RotationHandleQuarter.uexp" 1038
"../../../Engine/Content/VREditor/TransformGizmo/RotationHandleQuarter.uasset" 1039
"../../../Engine/Content/Functions/Engine_MaterialFunctions02/SplitComponents.uexp" 1040
"../../../Engine/Content/Functions/Engine_MaterialFunctions02/SplitComponents.uasset" 1041
"../../../Engine/Content/VREditor/SnapGrid/SnapGridMaterial.uexp" 1042
"../../../Engine/Content/VREditor/SnapGrid/SnapGridMaterial.uasset" 1043
"../../../Engine/Content/VREditor/SnapGrid/SnapGridPlaneMesh.uasset" 1044
"../../../Engine/Content/VREditor/SnapGrid/SnapGridPlaneMesh.uexp" 1045
"../../../Engine/Content/VREditor/SnapGrid/SnapGridPlaneMesh.ubulk" 1046
"../../../Engine/Content/VREditor/Sounds/UI/Gizmo_Handle_Clicked.uexp" 1047
"../../../Engine/Content/VREditor/Sounds/UI/Gizmo_Handle_Clicked.uasset" 1048
"../../../Engine/Content/VREditor/Sounds/UI/Gizmo_Handle_Clicked.ubulk" 1049
"../../../Engine/Content/VREditor/Sounds/UI/Object_PickUp.uasset" 1050
"../../../Engine/Content/VREditor/Sounds/UI/Object_PickUp.uexp" 1051
"../../../Engine/Content/VREditor/Sounds/UI/Object_PickUp.ubulk" 1052
"../../../Engine/Content/VREditor/Sounds/UI/Object_Snaps_To_Another_Actor.uasset" 1053
"../../../Engine/Content/VREditor/Sounds/UI/Object_Snaps_To_Another_Actor.ubulk" 1054
"../../../Engine/Content/VREditor/Sounds/UI/Object_Snaps_To_Another_Actor.uexp" 1055
"../../../Engine/Content/VREditor/Sounds/UI/Object_Snaps_To_Grid.uasset" 1056
"../../../Engine/Content/VREditor/Sounds/UI/Object_Snaps_To_Grid.uexp" 1057
"../../../Engine/Content/VREditor/Sounds/UI/Object_Snaps_To_Grid.ubulk" 1058
"../../../Engine/Content/VREditor/Sounds/UI/Scaling_Down.uexp" 1059
"../../../Engine/Content/VREditor/Sounds/UI/Scaling_Down.ubulk" 1060
"../../../Engine/Content/VREditor/Sounds/UI/Scaling_Down.uasset" 1061
"../../../Engine/Content/VREditor/Sounds/UI/Scaling_Up.ubulk" 1062
"../../../Engine/Content/VREditor/Sounds/UI/Scaling_Up.uasset" 1063
"../../../Engine/Content/VREditor/Sounds/UI/Scaling_Up.uexp" 1064
"../../../Engine/Content/VREditor/Sounds/UI/Selection_Changes.uasset" 1065
"../../../Engine/Content/VREditor/Sounds/UI/Selection_Changes.ubulk" 1066
"../../../Engine/Content/VREditor/Sounds/UI/Selection_Changes.uexp" 1067
"../../../Engine/Content/VREditor/TransformGizmo/PlaneTranslationHandle.uasset" 1068
"../../../Engine/Content/VREditor/TransformGizmo/PlaneTranslationHandle.ubulk" 1069
"../../../Engine/Content/VREditor/TransformGizmo/PlaneTranslationHandle.uexp" 1070
"../../../Engine/Content/VREditor/TransformGizmo/RotationHandleFull.uasset" 1071
"../../../Engine/Content/VREditor/TransformGizmo/RotationHandleFull.ubulk" 1072
"../../../Engine/Content/VREditor/TransformGizmo/RotationHandleFull.uexp" 1073
"../../../Engine/Content/VREditor/TransformGizmo/RotationHandleIndicator.uexp" 1074
"../../../Engine/Content/VREditor/TransformGizmo/RotationHandleIndicator.uasset" 1075
"../../../Engine/Content/VREditor/TransformGizmo/RotationHandleIndicator.ubulk" 1076
"../../../Engine/Content/VREditor/TransformGizmo/StartRotationHandleIndicator.ubulk" 1077
"../../../Engine/Content/VREditor/TransformGizmo/StartRotationHandleIndicator.uasset" 1078
"../../../Engine/Content/VREditor/TransformGizmo/StartRotationHandleIndicator.uexp" 1079
"../../../Engine/Content/VREditor/TransformGizmo/TransformGizmoFreeRotation.ubulk" 1080
"../../../Engine/Content/VREditor/TransformGizmo/TransformGizmoFreeRotation.uexp" 1081
"../../../Engine/Content/VREditor/TransformGizmo/TransformGizmoFreeRotation.uasset" 1082
"../../../Engine/Content/VREditor/TransformGizmo/TranslateArrowHandle.ubulk" 1083
"../../../Engine/Content/VREditor/TransformGizmo/TranslateArrowHandle.uasset" 1084
"../../../Engine/Content/VREditor/TransformGizmo/TranslateArrowHandle.uexp" 1085
"../../../Engine/Content/VREditor/TransformGizmo/UniformScaleHandle.uasset" 1086
"../../../Engine/Content/VREditor/TransformGizmo/UniformScaleHandle.uexp" 1087
"../../../Engine/Content/VREditor/TransformGizmo/UniformScaleHandle.ubulk" 1088
"../../../Engine/Plugins/Animation/DeformerGraph/Content/DeformerFunctions/DG_Function_LinearBlendSkin_Morph_Cloth_PositionOnly.uexp" 1089
"../../../Engine/Plugins/Animation/DeformerGraph/Content/DeformerFunctions/DG_Function_LinearBlendSkin_Morph_Cloth_PositionOnly.uasset" 1090
"../../../Engine/Plugins/Animation/DeformerGraph/Content/DeformerFunctions/DG_Function_ComputeNormalsTangents.uasset" 1091
"../../../Engine/Plugins/Animation/DeformerGraph/Content/DeformerFunctions/DG_Function_ComputeNormalsTangents.uexp" 1092
"../../../Engine/Plugins/Animation/DeformerGraph/Content/Deformers/DG_LinearBlendSkin_Morph_Cloth_RecomputeNormals.uexp" 1093
"../../../Engine/Plugins/Animation/DeformerGraph/Content/Deformers/DG_LinearBlendSkin_Morph_Cloth_RecomputeNormals.uasset" 1094
"../../../Engine/Plugins/Animation/DeformerGraph/Content/DeformerFunctions/DG_Function_LinearBlendSkin_Morph_Cloth.uexp" 1095
"../../../Engine/Plugins/Animation/DeformerGraph/Content/DeformerFunctions/DG_Function_LinearBlendSkin_Morph_Cloth.uasset" 1096
"../../../Engine/Plugins/Animation/DeformerGraph/Content/Deformers/DG_LinearBlendSkin_Morph_Cloth.uexp" 1097
"../../../Engine/Plugins/Animation/DeformerGraph/Content/Deformers/DG_LinearBlendSkin_Morph_Cloth.uasset" 1098
"../../../Engine/Content/EngineResources/LandscapeVisibilityLayerInfo.uexp" 1099
"../../../Engine/Content/EngineResources/LandscapeVisibilityLayerInfo.uasset" 1100
"../../../Engine/Content/Maps/Entry_BuiltData.uasset" 1101
"../../../Engine/Content/Maps/Entry_BuiltData.uexp" 1102
"../../../Engine/Content/Maps/Entry.umap" 1103
"../../../Engine/Content/Maps/Entry.uexp" 1104
"../../../Engine/Content/Functions/Engine_MaterialFunctions02/Lerp_3Color.uexp" 1105
"../../../Engine/Content/Functions/Engine_MaterialFunctions02/Lerp_3Color.uasset" 1106
"/home/evelyn/Documents/Unreal Projects/Bramble64/Content/VFX/Crystal.uexp" 1107
"/home/evelyn/Documents/Unreal Projects/Bramble64/Content/VFX/Crystal.uasset" 1108
"/home/evelyn/Documents/Unreal Projects/Bramble64/Content/VFX/Gold.uexp" 1109
"/home/evelyn/Documents/Unreal Projects/Bramble64/Content/VFX/Gold.uasset" 1110
"/home/evelyn/Documents/Unreal Projects/Bramble64/Content/VFX/Teleporter_1_Cube.uasset" 1111
"/home/evelyn/Documents/Unreal Projects/Bramble64/Content/VFX/Teleporter_1_Cube.uexp" 1112
"/home/evelyn/Documents/Unreal Projects/Bramble64/Content/VFX/Teleporter_1_Cube.ubulk" 1113
"../../../Engine/Plugins/FX/Niagara/Content/DefaultAssets/DefaultSpriteMaterial.uasset" 1114
"../../../Engine/Plugins/FX/Niagara/Content/DefaultAssets/DefaultSpriteMaterial.uexp" 1115
"../../../Engine/Plugins/FX/Niagara/Content/DefaultAssets/DefaultRIbbonMaterial.uasset" 1116
"../../../Engine/Plugins/FX/Niagara/Content/DefaultAssets/DefaultRIbbonMaterial.uexp" 1117
"../../../Engine/Plugins/FX/Niagara/Content/DefaultAssets/M_Gnomon_Alpha.uasset" 1118
"../../../Engine/Plugins/FX/Niagara/Content/DefaultAssets/M_Gnomon_Alpha.uexp" 1119
"/home/evelyn/Documents/Unreal Projects/Bramble64/Content/VFX/LightColumn.ubulk" 1120
"/home/evelyn/Documents/Unreal Projects/Bramble64/Content/VFX/LightColumn.uexp" 1121
"/home/evelyn/Documents/Unreal Projects/Bramble64/Content/VFX/LightColumn.uasset" 1122
"../../../Engine/Plugins/FX/Niagara/Content/VectorFields/Assets/TilingCurl32.uasset" 1123
"../../../Engine/Plugins/FX/Niagara/Content/VectorFields/Assets/TilingCurl32.uexp" 1124
"/home/evelyn/Documents/Unreal Projects/Bramble64/Content/VFX/M_Fresnel.uasset" 1125
"/home/evelyn/Documents/Unreal Projects/Bramble64/Content/VFX/M_Fresnel.uexp" 1126
"/home/evelyn/Documents/Unreal Projects/Bramble64/Content/VFX/NS_TeleporterBeam.uasset" 1127
"/home/evelyn/Documents/Unreal Projects/Bramble64/Content/VFX/NS_TeleporterBeam.uexp" 1128
"/home/evelyn/Documents/Unreal Projects/Bramble64/Content/VFX/Teleporter_1_Cylinder_002.uasset" 1129
"/home/evelyn/Documents/Unreal Projects/Bramble64/Content/VFX/Teleporter_1_Cylinder_002.uexp" 1130
"/home/evelyn/Documents/Unreal Projects/Bramble64/Content/VFX/Teleporter_1_Cylinder_002.ubulk" 1131
"/home/evelyn/Documents/Unreal Projects/Bramble64/Content/Blueprints/WB_FadeIn.uexp" 1132
"/home/evelyn/Documents/Unreal Projects/Bramble64/Content/Blueprints/WB_FadeIn.uasset" 1133
"/home/evelyn/Documents/Unreal Projects/Bramble64/Content/Blueprints/WB_FadeOut.uasset" 1134
"/home/evelyn/Documents/Unreal Projects/Bramble64/Content/Blueprints/WB_FadeOut.uexp" 1135
"/home/evelyn/Documents/Unreal Projects/Bramble64/Content/Audio/SFX/TeleporterSend.ubulk" 1136
"/home/evelyn/Documents/Unreal Projects/Bramble64/Content/Audio/SFX/TeleporterSend.uasset" 1137
"/home/evelyn/Documents/Unreal Projects/Bramble64/Content/Audio/SFX/TeleporterSend.uexp" 1138
"/home/evelyn/Documents/Unreal Projects/Bramble64/Content/Audio/SFX/TeleporterAmbient.uexp" 1139
"/home/evelyn/Documents/Unreal Projects/Bramble64/Content/Audio/SFX/TeleporterAmbient.uasset" 1140
"/home/evelyn/Documents/Unreal Projects/Bramble64/Content/Audio/SFX/TeleporterAmbient.ubulk" 1141
"/home/evelyn/Documents/Unreal Projects/Bramble64/Content/Audio/SFX/TeleporterReceive.ubulk" 1142
"/home/evelyn/Documents/Unreal Projects/Bramble64/Content/Audio/SFX/TeleporterReceive.uasset" 1143
"/home/evelyn/Documents/Unreal Projects/Bramble64/Content/Audio/SFX/TeleporterReceive.uexp" 1144
"/home/evelyn/Documents/Unreal Projects/Bramble64/Content/Blueprints/BP_Teleporter.uexp" 1145
"/home/evelyn/Documents/Unreal Projects/Bramble64/Content/Blueprints/BP_Teleporter.uasset" 1146
"/home/evelyn/Documents/Unreal Projects/Bramble64/Content/Levels/Hub/M_Mirror.uasset" 1147
"/home/evelyn/Documents/Unreal Projects/Bramble64/Content/Levels/Hub/M_Mirror.uexp" 1148
"/home/evelyn/Documents/Unreal Projects/Bramble64/Content/Audio/Music/Reflect.uasset" 1149
"/home/evelyn/Documents/Unreal Projects/Bramble64/Content/Audio/Music/Reflect.uexp" 1150
"/home/evelyn/Documents/Unreal Projects/Bramble64/Content/Audio/Music/Reflect.ubulk" 1151
"/home/evelyn/Documents/Unreal Projects/Bramble64/Content/Levels/Hub/Hub.umap" 1152
"/home/evelyn/Documents/Unreal Projects/Bramble64/Content/Levels/Hub/Hub.uexp" 1153
