"../../../Engine/Plugins/2D/Paper2D/Content/PlaceholderTextures/DummySpriteTexture.ubulk" 0
"../../../Engine/Plugins/2D/Paper2D/Content/PlaceholderTextures/DummySpriteTexture.uexp" 1
"../../../Engine/Plugins/2D/Paper2D/Content/PlaceholderTextures/DummySpriteTexture.uasset" 2
"../../../Engine/Plugins/2D/Paper2D/Content/DummySprite.uexp" 3
"../../../Engine/Plugins/2D/Paper2D/Content/DummySprite.uasset" 4
"../../../Engine/Plugins/2D/Paper2D/Content/DefaultPaperTerrainMaterial.uexp" 5
"../../../Engine/Plugins/2D/Paper2D/Content/DefaultPaperTerrainMaterial.uasset" 6
"../../../Engine/Content/Animation/DefaultRecorderBoneCompression.uasset" 7
"../../../Engine/Content/Animation/DefaultRecorderBoneCompression.uexp" 8
"../../../Engine/Content/EngineMaterials/DefaultDestructiblePhysicalMaterial.uexp" 9
"../../../Engine/Content/EngineMaterials/DefaultDestructiblePhysicalMaterial.uasset" 10
"../../../Engine/Content/EngineMaterials/DefaultPhysicalMaterial.uexp" 11
"../../../Engine/Content/EngineMaterials/DefaultPhysicalMaterial.uasset" 12
"../../../Engine/Content/EngineFonts/Faces/DroidSansMono.uexp" 13
"../../../Engine/Content/EngineFonts/Faces/DroidSansMono.ufont" 14
"../../../Engine/Content/EngineFonts/Faces/DroidSansMono.uasset" 15
"../../../Engine/Content/EngineFonts/Faces/DroidSansFallback.uexp" 16
"../../../Engine/Content/EngineFonts/Faces/DroidSansFallback.ufont" 17
"../../../Engine/Content/EngineFonts/Faces/DroidSansFallback.uasset" 18
"../../../Engine/Content/EngineFonts/DroidSansMono.uexp" 19
"../../../Engine/Content/EngineFonts/DroidSansMono.uasset" 20
"../../../Engine/Content/EngineFonts/Faces/RobotoBoldItalic.uexp" 21
"../../../Engine/Content/EngineFonts/Faces/RobotoBoldItalic.uasset" 22
"../../../Engine/Content/EngineFonts/Faces/RobotoBoldItalic.ufont" 23
"../../../Engine/Content/EngineFonts/Faces/RobotoRegular.ufont" 24
"../../../Engine/Content/EngineFonts/Faces/RobotoRegular.uexp" 25
"../../../Engine/Content/EngineFonts/Faces/RobotoRegular.uasset" 26
"../../../Engine/Content/EngineFonts/Faces/RobotoLight.ufont" 27
"../../../Engine/Content/EngineFonts/Faces/RobotoLight.uasset" 28
"../../../Engine/Content/EngineFonts/Faces/RobotoLight.uexp" 29
"../../../Engine/Content/EngineFonts/Faces/RobotoBold.ufont" 30
"../../../Engine/Content/EngineFonts/Faces/RobotoBold.uasset" 31
"../../../Engine/Content/EngineFonts/Faces/RobotoBold.uexp" 32
"../../../Engine/Content/EngineFonts/Faces/RobotoItalic.uexp" 33
"../../../Engine/Content/EngineFonts/Faces/RobotoItalic.uasset" 34
"../../../Engine/Content/EngineFonts/Faces/RobotoItalic.ufont" 35
"../../../Engine/Content/EngineFonts/Roboto.uasset" 36
"../../../Engine/Content/EngineFonts/Roboto.uexp" 37
"../../../Engine/Plugins/PCG/Content/ComputeSources/PCGCS_ShaderUtils.uexp" 38
"../../../Engine/Plugins/PCG/Content/ComputeSources/PCGCS_ShaderUtils.uasset" 39
"../../../Engine/Plugins/PCG/Content/ComputeSources/PCGCS_Quaternion.uexp" 40
"../../../Engine/Plugins/PCG/Content/ComputeSources/PCGCS_Quaternion.uasset" 41
"../../../Engine/Plugins/PCG/Content/ComputeSources/PCGCS_ShaderUtilsInternal.uasset" 42
"../../../Engine/Plugins/PCG/Content/ComputeSources/PCGCS_ShaderUtilsInternal.uexp" 43
"../../../Engine/Plugins/Interchange/Runtime/Content/Pipelines/DefaultGLTFAssetsPipeline.uexp" 44
"../../../Engine/Plugins/Interchange/Runtime/Content/Pipelines/DefaultGLTFAssetsPipeline.uasset" 45
"../../../Engine/Plugins/Interchange/Runtime/Content/Pipelines/DefaultMaterialPipeline.uasset" 46
"../../../Engine/Plugins/Interchange/Runtime/Content/Pipelines/DefaultMaterialPipeline.uexp" 47
"../../../Engine/Plugins/Interchange/Runtime/Content/Pipelines/DefaultMaterialXPipeline.uexp" 48
"../../../Engine/Plugins/Interchange/Runtime/Content/Pipelines/DefaultMaterialXPipeline.uasset" 49
"../../../Engine/Plugins/Interchange/Runtime/Content/Pipelines/DefaultTexturePipeline.uasset" 50
"../../../Engine/Plugins/Interchange/Runtime/Content/Pipelines/DefaultTexturePipeline.uexp" 51
"../../../Engine/Plugins/Interchange/Runtime/Content/Pipelines/DefaultGLTFPipeline.uasset" 52
"../../../Engine/Plugins/Interchange/Runtime/Content/Pipelines/DefaultGLTFPipeline.uexp" 53
"../../../Engine/Plugins/Interchange/Runtime/Content/Pipelines/DefaultAssetsPipeline.uasset" 54
"../../../Engine/Plugins/Interchange/Runtime/Content/Pipelines/DefaultAssetsPipeline.uexp" 55
"../../../Engine/Plugins/Interchange/Runtime/Content/Pipelines/DefaultSceneLevelPipeline.uasset" 56
"../../../Engine/Plugins/Interchange/Runtime/Content/Pipelines/DefaultSceneLevelPipeline.uexp" 57
"../../../Engine/Plugins/Interchange/Runtime/Content/Pipelines/DefaultGLTFSceneAssetsPipeline.uasset" 58
"../../../Engine/Plugins/Interchange/Runtime/Content/Pipelines/DefaultGLTFSceneAssetsPipeline.uexp" 59
"../../../Engine/Plugins/Interchange/Runtime/Content/Pipelines/DefaultSceneAssetsPipeline.uasset" 60
"../../../Engine/Plugins/Interchange/Runtime/Content/Pipelines/DefaultSceneAssetsPipeline.uexp" 61
"../../../Engine/Plugins/Experimental/Water/Content/Waves/GerstnerWaves_Ocean.uexp" 62
"../../../Engine/Plugins/Experimental/Water/Content/Waves/GerstnerWaves_Ocean.uasset" 63
"../../../Engine/Plugins/Experimental/Water/Content/Waves/GerstnerWaves_Lake.uasset" 64
"../../../Engine/Plugins/Experimental/Water/Content/Waves/GerstnerWaves_Lake.uexp" 65
"../../../Engine/Plugins/Animation/ControlRig/Content/Controls/DefaultGizmoLibraryNormalized.uasset" 66
"../../../Engine/Plugins/Animation/ControlRig/Content/Controls/DefaultGizmoLibraryNormalized.uexp" 67
"../../../Engine/Content/EngineSounds/Master.uexp" 68
"../../../Engine/Content/EngineSounds/Master.uasset" 69
"../../../Engine/Plugins/Experimental/Water/Content/Materials/MPC/MPC_Water.uexp" 70
"../../../Engine/Plugins/Experimental/Water/Content/Materials/MPC/MPC_Water.uasset" 71
"../../../Engine/Content/EngineResources/GradientTexture0.uasset" 72
"../../../Engine/Content/EngineResources/GradientTexture0.uexp" 73
"../../../Engine/Content/EngineResources/Black.uasset" 74
"../../../Engine/Content/EngineResources/Black.uexp" 75
"../../../Engine/Content/EditorResources/S_Actor.ubulk" 76
"../../../Engine/Content/EditorResources/S_Actor.uasset" 77
"../../../Engine/Content/EditorResources/S_Actor.uexp" 78
"../../../Engine/Content/Functions/Engine_MaterialFunctions02/WorldPositionOffset/CameraOffset.uasset" 79
"../../../Engine/Content/Functions/Engine_MaterialFunctions02/WorldPositionOffset/CameraOffset.uexp" 80
"../../../Engine/Plugins/Animation/ControlRig/Content/M_Manip.uasset" 81
"../../../Engine/Plugins/Animation/ControlRig/Content/M_Manip.uexp" 82
"../../../Engine/Plugins/NNE/NNEDenoiser/Content/NNEDIM_ColorAlbedoNormal_Default.uexp" 83
"../../../Engine/Plugins/NNE/NNEDenoiser/Content/NNEDIM_ColorAlbedoNormal_Default.uasset" 84
"../../../Engine/Plugins/NNE/NNEDenoiser/Content/NNEDOM_Output_Default.uexp" 85
"../../../Engine/Plugins/NNE/NNEDenoiser/Content/NNEDOM_Output_Default.uasset" 86
"../../../Engine/Plugins/NNE/NNEDenoiser/Content/NNEDIM_ColorAlbedoNormal_Alpha.uexp" 87
"../../../Engine/Plugins/NNE/NNEDenoiser/Content/NNEDIM_ColorAlbedoNormal_Alpha.uasset" 88
"../../../Engine/Plugins/NNE/NNEDenoiser/Content/NNEDIM_HighQuality_Alpha.uasset" 89
"../../../Engine/Plugins/NNE/NNEDenoiser/Content/NNEDIM_HighQuality_Alpha.uexp" 90
"../../../Engine/Plugins/NNE/NNEDenoiser/Content/NNEDIM_HighQuality_Default.uexp" 91
"../../../Engine/Plugins/NNE/NNEDenoiser/Content/NNEDIM_HighQuality_Default.uasset" 92
"../../../Engine/Plugins/NNE/NNEDenoiser/Content/NNEDTOM_Output_Default.uasset" 93
"../../../Engine/Plugins/NNE/NNEDenoiser/Content/NNEDTOM_Output_Default.uexp" 94
"../../../Engine/Plugins/NNE/NNEDenoiser/Content/NNEDTIM_ColorAlbedoNormal_Default.uexp" 95
"../../../Engine/Plugins/NNE/NNEDenoiser/Content/NNEDTIM_ColorAlbedoNormal_Default.uasset" 96
"../../../Engine/Plugins/NNE/NNEDenoiser/Content/NNEDTIM_ColorAlbedoNormal_Alpha.uasset" 97
"../../../Engine/Plugins/NNE/NNEDenoiser/Content/NNEDTIM_ColorAlbedoNormal_Alpha.uexp" 98
"../../../Engine/Plugins/NNE/NNEDenoiser/Content/NNEDTOM_Output_Alpha.uasset" 99
"../../../Engine/Plugins/NNE/NNEDenoiser/Content/NNEDTOM_Output_Alpha.uexp" 100
"../../../Engine/Plugins/NNE/NNEDenoiser/Content/NNEDOM_Output_Alpha.uasset" 101
"../../../Engine/Plugins/NNE/NNEDenoiser/Content/NNEDOM_Output_Alpha.uexp" 102
"../../../Engine/Content/EngineMaterials/BaseFlattenEmissiveMap_VT.uexp" 103
"../../../Engine/Content/EngineMaterials/BaseFlattenEmissiveMap_VT.ubulk" 104
"../../../Engine/Content/EngineMaterials/BaseFlattenEmissiveMap_VT.uasset" 105
"../../../Engine/Content/EngineMaterials/BaseFlattenLinearColor_VT.uasset" 106
"../../../Engine/Content/EngineMaterials/BaseFlattenLinearColor_VT.uexp" 107
"../../../Engine/Content/EngineMaterials/BaseFlattenLinearColor_VT.ubulk" 108
"../../../Engine/Content/EngineMaterials/BaseFlattenDiffuseMap_VT.ubulk" 109
"../../../Engine/Content/EngineMaterials/BaseFlattenDiffuseMap_VT.uasset" 110
"../../../Engine/Content/EngineMaterials/BaseFlattenDiffuseMap_VT.uexp" 111
"../../../Engine/Content/EngineMaterials/BaseFlattenGrayscaleMap_VT.uasset" 112
"../../../Engine/Content/EngineMaterials/BaseFlattenGrayscaleMap_VT.uexp" 113
"../../../Engine/Content/EngineMaterials/BaseFlattenGrayscaleMap_VT.ubulk" 114
"../../../Engine/Content/EngineMaterials/BaseFlattenNormalMap_VT.uasset" 115
"../../../Engine/Content/EngineMaterials/BaseFlattenNormalMap_VT.uexp" 116
"../../../Engine/Content/EngineMaterials/BaseFlattenNormalMap_VT.ubulk" 117
"../../../Engine/Content/EngineMaterials/Black_1x1_EXR_Texture_VT.uasset" 118
"../../../Engine/Content/EngineMaterials/Black_1x1_EXR_Texture_VT.uexp" 119
"../../../Engine/Content/EngineMaterials/Black_1x1_EXR_Texture_VT.ubulk" 120
"../../../Engine/Content/EngineMaterials/FlattenMaterial_WS_Normal_VT.uexp" 121
"../../../Engine/Content/EngineMaterials/FlattenMaterial_WS_Normal_VT.uasset" 122
"../../../Engine/Content/EngineMaterials/RemoveSurfaceMaterial.uexp" 123
"../../../Engine/Content/EngineMaterials/RemoveSurfaceMaterial.uasset" 124
"../../../Engine/Content/EngineMaterials/FastBlueNoise_scalar_128x128x8.uexp" 125
"../../../Engine/Content/EngineMaterials/FastBlueNoise_scalar_128x128x8.uasset" 126
"../../../Engine/Content/EngineMaterials/NaniteHiddenSectionMaterial.uexp" 127
"../../../Engine/Content/EngineMaterials/NaniteHiddenSectionMaterial.uasset" 128
"../../../Engine/Content/EngineMaterials/FlattenMaterial_VT.uexp" 129
"../../../Engine/Content/EngineMaterials/FlattenMaterial_VT.uasset" 130
"../../../Engine/Content/EngineMaterials/GizmoMaterial.uexp" 131
"../../../Engine/Content/EngineMaterials/GizmoMaterial.uasset" 132
"../../../Engine/Content/EngineMaterials/DefaultBokeh.uexp" 133
"../../../Engine/Content/EngineMaterials/DefaultBokeh.uasset" 134
"../../../Engine/Content/EngineMaterials/DefaultCalibrationGrayscale.uexp" 135
"../../../Engine/Content/EngineMaterials/DefaultCalibrationGrayscale.uasset" 136
"../../../Engine/Content/EngineMaterials/PPM_DefaultCalibrationGrayscale.uexp" 137
"../../../Engine/Content/EngineMaterials/PPM_DefaultCalibrationGrayscale.uasset" 138
"../../../Engine/Content/EngineMaterials/MiniFont.uexp" 139
"../../../Engine/Content/EngineMaterials/MiniFont.uasset" 140
"../../../Engine/Content/Functions/Engine_MaterialFunctions02/Utility/BreakOutFloat2Components.uexp" 141
"../../../Engine/Content/Functions/Engine_MaterialFunctions02/Utility/BreakOutFloat2Components.uasset" 142
"../../../Engine/Content/EngineMaterials/DefaultDiffuse.uasset" 143
"../../../Engine/Content/EngineMaterials/DefaultDiffuse.uexp" 144
"../../../Engine/Content/EngineMaterials/DefaultDiffuse.ubulk" 145
"../../../Engine/Content/EngineMaterials/DefaultPostProcessMaterial.uexp" 146
"../../../Engine/Content/EngineMaterials/DefaultPostProcessMaterial.uasset" 147
"../../../Engine/Content/EngineMaterials/DefaultCalibrationColor.uasset" 148
"../../../Engine/Content/EngineMaterials/DefaultCalibrationColor.uexp" 149
"../../../Engine/Content/EngineMaterials/PPM_DefaultCalibrationColor.uasset" 150
"../../../Engine/Content/EngineMaterials/PPM_DefaultCalibrationColor.uexp" 151
"../../../Engine/Content/EngineMaterials/PhAT_JointLimitMaterial.uexp" 152
"../../../Engine/Content/EngineMaterials/PhAT_JointLimitMaterial.uasset" 153
"../../../Engine/Content/EngineMaterials/DefaultWhiteGrid.uasset" 154
"../../../Engine/Content/EngineMaterials/DefaultWhiteGrid.uexp" 155
"../../../Engine/Content/EngineMaterials/DefaultWhiteGrid.ubulk" 156
"../../../Engine/Content/EngineMaterials/BaseFlattenNormalMap.uexp" 157
"../../../Engine/Content/EngineMaterials/BaseFlattenNormalMap.uasset" 158
"../../../Engine/Content/EngineMaterials/BaseFlattenEmissiveMap.uexp" 159
"../../../Engine/Content/EngineMaterials/BaseFlattenEmissiveMap.uasset" 160
"../../../Engine/Content/EngineMaterials/BaseFlattenDiffuseMap.uasset" 161
"../../../Engine/Content/EngineMaterials/BaseFlattenDiffuseMap.uexp" 162
"../../../Engine/Content/EngineMaterials/BaseFlattenGrayscaleMap.uexp" 163
"../../../Engine/Content/EngineMaterials/BaseFlattenGrayscaleMap.uasset" 164
"../../../Engine/Content/EngineMaterials/BaseFlattenLinearColor.uasset" 165
"../../../Engine/Content/EngineMaterials/BaseFlattenLinearColor.uexp" 166
"../../../Engine/Content/Functions/Engine_MaterialFunctions02/PivotPainter2/Black_1x1_EXR_Texture.uasset" 167
"../../../Engine/Content/Functions/Engine_MaterialFunctions02/PivotPainter2/Black_1x1_EXR_Texture.uexp" 168
"../../../Engine/Content/EngineMaterials/FlattenMaterial.uexp" 169
"../../../Engine/Content/EngineMaterials/FlattenMaterial.uasset" 170
"../../../Engine/Content/EngineMaterials/DefaultWhiteGrid_Low.uasset" 171
"../../../Engine/Content/EngineMaterials/DefaultWhiteGrid_Low.uexp" 172
"../../../Engine/Content/EngineMaterials/EmissiveMeshMaterial.uexp" 173
"../../../Engine/Content/EngineMaterials/EmissiveMeshMaterial.uasset" 174
"../../../Engine/Content/EngineMaterials/PreintegratedSkinBRDF.uasset" 175
"../../../Engine/Content/EngineMaterials/PreintegratedSkinBRDF.uexp" 176
"../../../Engine/Content/EngineMaterials/DefaultDeferredDecalMaterial.uasset" 177
"../../../Engine/Content/EngineMaterials/DefaultDeferredDecalMaterial.uexp" 178
"../../../Engine/Content/EngineMaterials/FastBlueNoise_scalar_128x128x64.uasset" 179
"../../../Engine/Content/EngineMaterials/FastBlueNoise_scalar_128x128x64.uexp" 180
"../../../Engine/Content/EngineMaterials/InvalidLightmapSettings.uexp" 181
"../../../Engine/Content/EngineMaterials/InvalidLightmapSettings.ubulk" 182
"../../../Engine/Content/EngineMaterials/InvalidLightmapSettings.uasset" 183
"../../../Engine/Content/EngineMaterials/M_InvalidLightmapSettings.uasset" 184
"../../../Engine/Content/EngineMaterials/M_InvalidLightmapSettings.uexp" 185
"../../../Engine/Content/EngineMaterials/DefaultLightFunctionMaterial.uasset" 186
"../../../Engine/Content/EngineMaterials/DefaultLightFunctionMaterial.uexp" 187
"../../../Engine/Content/EngineMaterials/FastBlueNoise_vec2_128x128x64.uasset" 188
"../../../Engine/Content/EngineMaterials/FastBlueNoise_vec2_128x128x64.uexp" 189
"../../../Engine/Content/EngineMaterials/DefaultBloomKernel.uasset" 190
"../../../Engine/Content/EngineMaterials/DefaultBloomKernel.uexp" 191
"../../../Engine/Content/EngineFonts/RobotoDistanceField.uasset" 192
"../../../Engine/Content/EngineFonts/RobotoDistanceField.uexp" 193
"../../../Engine/Content/EngineMaterials/DefaultTextMaterialOpaque.uasset" 194
"../../../Engine/Content/EngineMaterials/DefaultTextMaterialOpaque.uexp" 195
"../../../Engine/Content/EngineDebugMaterials/M_SimpleUnlitTranslucent.uexp" 196
"../../../Engine/Content/EngineDebugMaterials/M_SimpleUnlitTranslucent.uasset" 197
"../../../Engine/Content/EngineDebugMaterials/DebugMeshMaterial.uexp" 198
"../../../Engine/Content/EngineDebugMaterials/DebugMeshMaterial.uasset" 199
"../../../Engine/Content/EngineDebugMaterials/DebugEditorMaterial.uexp" 200
"../../../Engine/Content/EngineDebugMaterials/DebugEditorMaterial.uasset" 201
"../../../Engine/Content/Functions/Engine_MaterialFunctions02/Utility/CameraDirectionVector.uasset" 202
"../../../Engine/Content/Functions/Engine_MaterialFunctions02/Utility/CameraDirectionVector.uexp" 203
"../../../Engine/Content/EngineDebugMaterials/VolumeToRender.uexp" 204
"../../../Engine/Content/EngineDebugMaterials/VolumeToRender.uasset" 205
"../../../Engine/Content/EngineDebugMaterials/M_VolumeRenderSphereTracePP.uasset" 206
"../../../Engine/Content/EngineDebugMaterials/M_VolumeRenderSphereTracePP.uexp" 207
"../../../Engine/Content/EngineDamageTypes/DmgTypeBP_Environmental.uasset" 208
"../../../Engine/Content/EngineDamageTypes/DmgTypeBP_Environmental.uexp" 209
"../../../Engine/Content/EditorResources/S_TriggerCapsule.uasset" 210
"../../../Engine/Content/EditorResources/S_TriggerCapsule.uexp" 211
"../../../Engine/Content/EditorResources/S_TriggerBox.uexp" 212
"../../../Engine/Content/EditorResources/S_TriggerBox.uasset" 213
"../../../Engine/Content/EditorResources/S_BoxReflectionCapture.uexp" 214
"../../../Engine/Content/EditorResources/S_BoxReflectionCapture.uasset" 215
"../../../Engine/Content/EditorResources/S_Solver.uasset" 216
"../../../Engine/Content/EditorResources/S_Solver.uexp" 217
"../../../Engine/Content/EditorResources/S_Solver.ubulk" 218
"../../../Engine/Content/EditorResources/S_TriggerSphere.uexp" 219
"../../../Engine/Content/EditorResources/S_TriggerSphere.uasset" 220
"../../../Engine/Content/EditorResources/BSPVertex.uasset" 221
"../../../Engine/Content/EditorResources/BSPVertex.uexp" 222
"../../../Engine/Content/EditorResources/S_Trigger.uexp" 223
"../../../Engine/Content/EditorResources/S_Trigger.uasset" 224
"../../../Engine/Content/EditorResources/S_Trigger.ubulk" 225
"../../../Engine/Content/EditorMaterials/PreviewShadowIndicator.uexp" 226
"../../../Engine/Content/EditorMaterials/PreviewShadowIndicator.uasset" 227
"../../../Engine/Content/EditorMaterials/PreviewShadowIndicator.ubulk" 228
"../../../Engine/Content/EditorMaterials/PreviewShadowIndicatorMaterial.uexp" 229
"../../../Engine/Content/EditorMaterials/PreviewShadowIndicatorMaterial.uasset" 230
"../../../Engine/Content/EditorMaterials/PhAT_NoCollisionMaterial.uexp" 231
"../../../Engine/Content/EditorMaterials/PhAT_NoCollisionMaterial.uasset" 232
"../../../Engine/Content/EditorMaterials/PhAT_UnselectedMaterial.uasset" 233
"../../../Engine/Content/EditorMaterials/PhAT_UnselectedMaterial.uexp" 234
"../../../Engine/Content/EditorLandscapeResources/WhiteSquareTexture.uasset" 235
"../../../Engine/Content/EditorLandscapeResources/WhiteSquareTexture.uexp" 236
"../../../Engine/Content/EditorLandscapeResources/LayerVisMaterial.uasset" 237
"../../../Engine/Content/EditorLandscapeResources/LayerVisMaterial.uexp" 238
"../../../Engine/Content/Functions/Engine_MaterialFunctions01/Texturing/ScaleUVsByCenter.uasset" 239
"../../../Engine/Content/Functions/Engine_MaterialFunctions01/Texturing/ScaleUVsByCenter.uexp" 240
"../../../Engine/Content/Functions/Engine_MaterialFunctions02/WorldPositionOffset/LocalPosition.uexp" 241
"../../../Engine/Content/Functions/Engine_MaterialFunctions02/WorldPositionOffset/LocalPosition.uasset" 242
"../../../Engine/Content/Functions/Engine_MaterialFunctions01/Texturing/TextureCropping.uexp" 243
"../../../Engine/Content/Functions/Engine_MaterialFunctions01/Texturing/TextureCropping.uasset" 244
"../../../Engine/Content/Functions/Engine_MaterialFunctions02/ExampleContent/DebugNumberStrip.uasset" 245
"../../../Engine/Content/Functions/Engine_MaterialFunctions02/ExampleContent/DebugNumberStrip.uexp" 246
"../../../Engine/Content/Functions/Engine_MaterialFunctions01/Debug/DebugIntValues.uasset" 247
"../../../Engine/Content/Functions/Engine_MaterialFunctions01/Debug/DebugIntValues.uexp" 248
"../../../Engine/Content/EditorLandscapeResources/LandscapeLayerUsageMaterial.uexp" 249
"../../../Engine/Content/EditorLandscapeResources/LandscapeLayerUsageMaterial.uasset" 250
"../../../Engine/Content/EditorLandscapeResources/DefaultAlphaTexture.uexp" 251
"../../../Engine/Content/EditorLandscapeResources/DefaultAlphaTexture.uasset" 252
"../../../Engine/Content/EditorLandscapeResources/LandscapeDirtyMaterial.uasset" 253
"../../../Engine/Content/EditorLandscapeResources/LandscapeDirtyMaterial.uexp" 254
"../../../Engine/Plugins/VirtualProduction/CameraCalibrationCore/Content/Materials/M_DefaultOddSquare.uexp" 255
"../../../Engine/Plugins/VirtualProduction/CameraCalibrationCore/Content/Materials/M_DefaultOddSquare.uasset" 256
"../../../Engine/Plugins/VirtualProduction/CameraCalibrationCore/Content/Materials/M_DefaultEvenSquare.uasset" 257
"../../../Engine/Plugins/VirtualProduction/CameraCalibrationCore/Content/Materials/M_DefaultEvenSquare.uexp" 258
"../../../Engine/Plugins/Runtime/HDRIBackdrop/Content/Textures/approaching_storm_4k.uexp" 259
"../../../Engine/Plugins/Runtime/HDRIBackdrop/Content/Textures/approaching_storm_4k.uasset" 260
"../../../Engine/Content/EngineMaterials/T_Default_Material_Grid_M.ubulk" 261
"../../../Engine/Content/EngineMaterials/T_Default_Material_Grid_M.uasset" 262
"../../../Engine/Content/EngineMaterials/T_Default_Material_Grid_M.uexp" 263
"../../../Engine/Content/Functions/Engine_MaterialFunctions01/Opacity/CameraDepthFade.uexp" 264
"../../../Engine/Content/Functions/Engine_MaterialFunctions01/Opacity/CameraDepthFade.uasset" 265
"../../../Engine/Content/EngineMaterials/T_Default_Material_Grid_N.uasset" 266
"../../../Engine/Content/EngineMaterials/T_Default_Material_Grid_N.ubulk" 267
"../../../Engine/Content/EngineMaterials/T_Default_Material_Grid_N.uexp" 268
"../../../Engine/Content/EngineMaterials/WorldGridMaterial.uexp" 269
"../../../Engine/Content/EngineMaterials/WorldGridMaterial.uasset" 270
"../../../Engine/Plugins/Runtime/HDRIBackdrop/Content/Meshes/EnviroDome.ubulk" 271
"../../../Engine/Plugins/Runtime/HDRIBackdrop/Content/Meshes/EnviroDome.uasset" 272
"../../../Engine/Plugins/Runtime/HDRIBackdrop/Content/Meshes/EnviroDome.uexp" 273
"../../../Engine/Content/Functions/Engine_MaterialFunctions02/Utility/VectorLength.uexp" 274
"../../../Engine/Content/Functions/Engine_MaterialFunctions02/Utility/VectorLength.uasset" 275
"../../../Engine/Content/EngineResources/DefaultTextureCube.uasset" 276
"../../../Engine/Content/EngineResources/DefaultTextureCube.uexp" 277
"../../../Engine/Content/Functions/Engine_MaterialFunctions02/WorldPositionOffset/ObjectPivotPoint.uasset" 278
"../../../Engine/Content/Functions/Engine_MaterialFunctions02/WorldPositionOffset/ObjectPivotPoint.uexp" 279
"../../../Engine/Plugins/Runtime/HDRIBackdrop/Content/Materials/HDRI_Attributes.uasset" 280
"../../../Engine/Plugins/Runtime/HDRIBackdrop/Content/Materials/HDRI_Attributes.uexp" 281
"../../../Engine/Plugins/Runtime/HDRIBackdrop/Content/Materials/HDRI_Projection_Sky.uasset" 282
"../../../Engine/Plugins/Runtime/HDRIBackdrop/Content/Materials/HDRI_Projection_Sky.uexp" 283
"../../../Engine/Plugins/Runtime/HDRIBackdrop/Content/Materials/MI_HDRI_Sky.uasset" 284
"../../../Engine/Plugins/Runtime/HDRIBackdrop/Content/Materials/MI_HDRI_Sky.uexp" 285
"../../../Engine/Plugins/Runtime/HDRIBackdrop/Content/Materials/HDRI_Projection_Floor.uasset" 286
"../../../Engine/Plugins/Runtime/HDRIBackdrop/Content/Materials/HDRI_Projection_Floor.uexp" 287
"../../../Engine/Plugins/Runtime/HDRIBackdrop/Content/Materials/MI_HDRI_Floor.uasset" 288
"../../../Engine/Plugins/Runtime/HDRIBackdrop/Content/Materials/MI_HDRI_Floor.uexp" 289
"../../../Engine/Plugins/Runtime/HDRIBackdrop/Content/Blueprints/HDRIBackdrop.uasset" 290
"../../../Engine/Plugins/Runtime/HDRIBackdrop/Content/Blueprints/HDRIBackdrop.uexp" 291
"../../../Engine/Plugins/Runtime/HairStrands/Content/Materials/HairMeshesDefaultMaterial.uexp" 292
"../../../Engine/Plugins/Runtime/HairStrands/Content/Materials/HairMeshesDefaultMaterial.uasset" 293
"../../../Engine/Content/Functions/Engine_MaterialFunctions02/Utility/MakeFloat2.uexp" 294
"../../../Engine/Content/Functions/Engine_MaterialFunctions02/Utility/MakeFloat2.uasset" 295
"../../../Engine/Content/Functions/Engine_MaterialFunctions02/Utility/MakeFloat3.uexp" 296
"../../../Engine/Content/Functions/Engine_MaterialFunctions02/Utility/MakeFloat3.uasset" 297
"../../../Engine/Content/EngineMaterials/HairDebugColor.uexp" 298
"../../../Engine/Content/EngineMaterials/HairDebugColor.uasset" 299
"../../../Engine/Content/EngineMaterials/HairColorMap.uexp" 300
"../../../Engine/Content/EngineMaterials/HairColorMap.uasset" 301
"../../../Engine/Plugins/Runtime/HairStrands/Content/Materials/HairGroupColors.uasset" 302
"../../../Engine/Plugins/Runtime/HairStrands/Content/Materials/HairGroupColors.uexp" 303
"../../../Engine/Plugins/Runtime/HairStrands/Content/Materials/HairDebugMaterial.uasset" 304
"../../../Engine/Plugins/Runtime/HairStrands/Content/Materials/HairDebugMaterial.uexp" 305
"../../../Engine/Plugins/Runtime/HairStrands/Content/Materials/HairDefaultMaterial.uexp" 306
"../../../Engine/Plugins/Runtime/HairStrands/Content/Materials/HairDefaultMaterial.uasset" 307
"../../../Engine/Plugins/Runtime/HairStrands/Content/Materials/HairCardsDefaultMaterial.uasset" 308
"../../../Engine/Plugins/Runtime/HairStrands/Content/Materials/HairCardsDefaultMaterial.uexp" 309
"../../../Engine/Plugins/Runtime/AudioWidgets/Content/Resources/ScrubHandleDown_Clamped.uasset" 310
"../../../Engine/Plugins/Runtime/AudioWidgets/Content/Resources/ScrubHandleDown_Clamped.uexp" 311
"../../../Engine/Plugins/Interchange/Assets/Content/Functions/MX_GeneralizedSchlickBSDF.uexp" 312
"../../../Engine/Plugins/Interchange/Assets/Content/Functions/MX_GeneralizedSchlickBSDF.uasset" 313
"../../../Engine/Plugins/Interchange/Assets/Content/Functions/MX_BurleyDiffuseBSDF.uexp" 314
"../../../Engine/Plugins/Interchange/Assets/Content/Functions/MX_BurleyDiffuseBSDF.uasset" 315
"../../../Engine/Plugins/Interchange/Assets/Content/Functions/MX_UniformEDF.uasset" 316
"../../../Engine/Plugins/Interchange/Assets/Content/Functions/MX_UniformEDF.uexp" 317
"../../../Engine/Plugins/Interchange/Assets/Content/Functions/MX_Displacement.uexp" 318
"../../../Engine/Plugins/Interchange/Assets/Content/Functions/MX_Displacement.uasset" 319
"../../../Engine/Plugins/Interchange/Assets/Content/Functions/MX_AbsorptionVDF.uasset" 320
"../../../Engine/Plugins/Interchange/Assets/Content/Functions/MX_AbsorptionVDF.uexp" 321
"../../../Engine/Plugins/Interchange/Assets/Content/Functions/MX_ConductorBSDF.uasset" 322
"../../../Engine/Plugins/Interchange/Assets/Content/Functions/MX_ConductorBSDF.uexp" 323
"../../../Engine/Plugins/Interchange/Assets/Content/Functions/MX_OrenNayarBSDF.uexp" 324
"../../../Engine/Plugins/Interchange/Assets/Content/Functions/MX_OrenNayarBSDF.uasset" 325
"../../../Engine/Plugins/Interchange/Assets/Content/Functions/MX_TranslucentBSDF.uexp" 326
"../../../Engine/Plugins/Interchange/Assets/Content/Functions/MX_TranslucentBSDF.uasset" 327
"../../../Engine/Plugins/Interchange/Assets/Content/Functions/MX_AnisotropicVDF.uasset" 328
"../../../Engine/Plugins/Interchange/Assets/Content/Functions/MX_AnisotropicVDF.uexp" 329
"../../../Engine/Plugins/Interchange/Assets/Content/Functions/MX_SubsurfaceBSDF.uasset" 330
"../../../Engine/Plugins/Interchange/Assets/Content/Functions/MX_SubsurfaceBSDF.uexp" 331
"../../../Engine/Plugins/Interchange/Assets/Content/Functions/MX_SheenBSDF.uasset" 332
"../../../Engine/Plugins/Interchange/Assets/Content/Functions/MX_SheenBSDF.uexp" 333
"../../../Engine/Plugins/Interchange/Assets/Content/Functions/MX_DielectricBSDF.uasset" 334
"../../../Engine/Plugins/Interchange/Assets/Content/Functions/MX_DielectricBSDF.uexp" 335
"../../../Engine/Plugins/Interchange/Assets/Content/Functions/MX_ConicalEDF.uexp" 336
"../../../Engine/Plugins/Interchange/Assets/Content/Functions/MX_ConicalEDF.uasset" 337
"../../../Engine/Plugins/Interchange/Assets/Content/Functions/MX_MeasuredEDF.uasset" 338
"../../../Engine/Plugins/Interchange/Assets/Content/Functions/MX_MeasuredEDF.uexp" 339
"../../../Engine/Plugins/Interchange/Assets/Content/Functions/MX_ThinFilmBSDF.uasset" 340
"../../../Engine/Plugins/Interchange/Assets/Content/Functions/MX_ThinFilmBSDF.uexp" 341
"../../../Engine/Plugins/Interchange/Assets/Content/Functions/MF_IridescenceNoLUT.uexp" 342
"../../../Engine/Plugins/Interchange/Assets/Content/Functions/MF_IridescenceNoLUT.uasset" 343
"../../../Engine/Plugins/Interchange/Assets/Content/Functions/MX_StandardSurface.uexp" 344
"../../../Engine/Plugins/Interchange/Assets/Content/Functions/MX_StandardSurface.uasset" 345
"../../../Engine/Plugins/Interchange/Assets/Content/Functions/MX_OpenPBR_Opaque.uasset" 346
"../../../Engine/Plugins/Interchange/Assets/Content/Functions/MX_OpenPBR_Opaque.uexp" 347
"../../../Engine/Plugins/Interchange/Assets/Content/Functions/MX_UsdPreviewSurface.uasset" 348
"../../../Engine/Plugins/Interchange/Assets/Content/Functions/MX_UsdPreviewSurface.uexp" 349
"../../../Engine/Plugins/Interchange/Assets/Content/Functions/MX_SurfaceUnlit.uasset" 350
"../../../Engine/Plugins/Interchange/Assets/Content/Functions/MX_SurfaceUnlit.uexp" 351
"../../../Engine/Plugins/Interchange/Assets/Content/Functions/MX_Surface.uasset" 352
"../../../Engine/Plugins/Interchange/Assets/Content/Functions/MX_Surface.uexp" 353
"../../../Engine/Plugins/Interchange/Assets/Content/Functions/MX_TransmissionSurface.uasset" 354
"../../../Engine/Plugins/Interchange/Assets/Content/Functions/MX_TransmissionSurface.uexp" 355
"../../../Engine/Plugins/Interchange/Assets/Content/Functions/MX_OpenPBR_Translucent.uasset" 356
"../../../Engine/Plugins/Interchange/Assets/Content/Functions/MX_OpenPBR_Translucent.uexp" 357
"../../../Engine/Plugins/Experimental/Water/Content/Meshes/LakeMesh.uexp" 358
"../../../Engine/Plugins/Experimental/Water/Content/Meshes/LakeMesh.ubulk" 359
"../../../Engine/Plugins/Experimental/Water/Content/Meshes/LakeMesh.uasset" 360
"../../../Engine/Plugins/Experimental/Water/Content/Meshes/RiverMesh.uexp" 361
"../../../Engine/Plugins/Experimental/Water/Content/Meshes/RiverMesh.uasset" 362
"../../../Engine/Plugins/Experimental/Water/Content/Meshes/RiverMesh.ubulk" 363
"../../../Engine/Plugins/Experimental/Water/Content/Icons/WaterLandscapeBrushSprite.uexp" 364
"../../../Engine/Plugins/Experimental/Water/Content/Icons/WaterLandscapeBrushSprite.ubulk" 365
"../../../Engine/Plugins/Experimental/Water/Content/Icons/WaterLandscapeBrushSprite.uasset" 366
"../../../Engine/Plugins/Experimental/Water/Content/Icons/WaterErrorSprite.uasset" 367
"../../../Engine/Plugins/Experimental/Water/Content/Icons/WaterErrorSprite.ubulk" 368
"../../../Engine/Plugins/Experimental/Water/Content/Icons/WaterErrorSprite.uexp" 369
"../../../Engine/Plugins/Experimental/Water/Content/Icons/WaterSprite.uasset" 370
"../../../Engine/Plugins/Experimental/Water/Content/Icons/WaterSprite.uexp" 371
"../../../Engine/Plugins/Experimental/Water/Content/Icons/WaterBodyIslandSprite.uasset" 372
"../../../Engine/Plugins/Experimental/Water/Content/Icons/WaterBodyIslandSprite.uexp" 373
"../../../Engine/Plugins/Experimental/Water/Content/Icons/WaterBodyExclusionVolumeSprite.uasset" 374
"../../../Engine/Plugins/Experimental/Water/Content/Icons/WaterBodyExclusionVolumeSprite.uexp" 375
"../../../Engine/Plugins/Experimental/Water/Content/Icons/WaterZoneActorSprite.uexp" 376
"../../../Engine/Plugins/Experimental/Water/Content/Icons/WaterZoneActorSprite.uasset" 377
"../../../Engine/Plugins/Experimental/Water/Content/Icons/WaterZoneActorSprite.ubulk" 378
"../../../Engine/Plugins/Experimental/Water/Content/Curves/FloatCurve.uexp" 379
"../../../Engine/Plugins/Experimental/Water/Content/Curves/FloatCurve.uasset" 380
"../../../Engine/Plugins/Experimental/Water/Content/Curves/FloatCurve_WaterBodyIsland.uasset" 381
"../../../Engine/Plugins/Experimental/Water/Content/Curves/FloatCurve_WaterBodyIsland.uexp" 382
"../../../Engine/Content/Functions/Engine_MaterialFunctions02/Utility/BreakOutFloat3Components.uexp" 383
"../../../Engine/Content/Functions/Engine_MaterialFunctions02/Utility/BreakOutFloat3Components.uasset" 384
"../../../Engine/Content/Functions/Engine_MaterialFunctions02/WorldPositionOffset/ObjectScale.uexp" 385
"../../../Engine/Content/Functions/Engine_MaterialFunctions02/WorldPositionOffset/ObjectScale.uasset" 386
"../../../Engine/Plugins/Editor/SpeedTreeImporter/Content/SpeedTree9/game_wind_noise.uexp" 387
"../../../Engine/Plugins/Editor/SpeedTreeImporter/Content/SpeedTree9/game_wind_noise.ubulk" 388
"../../../Engine/Plugins/Editor/SpeedTreeImporter/Content/SpeedTree9/game_wind_noise.uasset" 389
"../../../Engine/Plugins/Editor/SpeedTreeImporter/Content/SpeedTree9/EmptyNormal.uexp" 390
"../../../Engine/Plugins/Editor/SpeedTreeImporter/Content/SpeedTree9/EmptyNormal.uasset" 391
"../../../Engine/Plugins/Editor/SpeedTreeImporter/Content/SpeedTree9/UnpackInteger3.uexp" 392
"../../../Engine/Plugins/Editor/SpeedTreeImporter/Content/SpeedTree9/UnpackInteger3.uasset" 393
"../../../Engine/Content/Functions/Engine_MaterialFunctions02/ObjectLocalBounds.uexp" 394
"../../../Engine/Content/Functions/Engine_MaterialFunctions02/ObjectLocalBounds.uasset" 395
"../../../Engine/Content/Functions/Engine_MaterialFunctions02/SafeNormalize.uexp" 396
"../../../Engine/Content/Functions/Engine_MaterialFunctions02/SafeNormalize.uasset" 397
"../../../Engine/Plugins/Editor/SpeedTreeImporter/Content/SpeedTree9/SpeedTreeBillboard.uasset" 398
"../../../Engine/Plugins/Editor/SpeedTreeImporter/Content/SpeedTree9/SpeedTreeBillboard.uexp" 399
"../../../Engine/Plugins/Editor/SpeedTreeImporter/Content/SpeedTree9/SpeedTreeWindMotion.uexp" 400
"../../../Engine/Plugins/Editor/SpeedTreeImporter/Content/SpeedTree9/SpeedTreeWindMotion.uasset" 401
"../../../Engine/Plugins/Editor/SpeedTreeImporter/Content/SpeedTree9/Empty.uasset" 402
"../../../Engine/Plugins/Editor/SpeedTreeImporter/Content/SpeedTree9/Empty.uexp" 403
"../../../Engine/Plugins/Editor/SpeedTreeImporter/Content/SpeedTree9/UnpackDirection.uexp" 404
"../../../Engine/Plugins/Editor/SpeedTreeImporter/Content/SpeedTree9/UnpackDirection.uasset" 405
"../../../Engine/Plugins/Editor/SpeedTreeImporter/Content/SpeedTree9/SpeedTreeBranchMotion.uexp" 406
"../../../Engine/Plugins/Editor/SpeedTreeImporter/Content/SpeedTree9/SpeedTreeBranchMotion.uasset" 407
"../../../Engine/Content/Functions/Engine_MaterialFunctions02/UVs/BoundingBoxBased_0-1_UVW.uasset" 408
"../../../Engine/Content/Functions/Engine_MaterialFunctions02/UVs/BoundingBoxBased_0-1_UVW.uexp" 409
"../../../Engine/Plugins/Editor/SpeedTreeImporter/Content/SpeedTree9/SpeedTreeWind.uasset" 410
"../../../Engine/Plugins/Editor/SpeedTreeImporter/Content/SpeedTree9/SpeedTreeWind.uexp" 411
"../../../Engine/Plugins/Editor/SpeedTreeImporter/Content/SpeedTree9/SpeedTreeBillboardMaster.uasset" 412
"../../../Engine/Plugins/Editor/SpeedTreeImporter/Content/SpeedTree9/SpeedTreeBillboardMaster.uexp" 413
"../../../Engine/Plugins/Editor/SpeedTreeImporter/Content/SpeedTree9/SpeedTreeCameraFacing.uasset" 414
"../../../Engine/Plugins/Editor/SpeedTreeImporter/Content/SpeedTree9/SpeedTreeCameraFacing.uexp" 415
"../../../Engine/Plugins/Editor/SpeedTreeImporter/Content/SpeedTree9/SpeedTreeMaster.uasset" 416
"../../../Engine/Plugins/Editor/SpeedTreeImporter/Content/SpeedTree9/SpeedTreeMaster.uexp" 417
"../../../Engine/Plugins/Animation/ControlRig/Content/Controls/ControlRig_Diamond_1mm.uexp" 418
"../../../Engine/Plugins/Animation/ControlRig/Content/Controls/ControlRig_Diamond_1mm.ubulk" 419
"../../../Engine/Plugins/Animation/ControlRig/Content/Controls/ControlRig_Diamond_1mm.uasset" 420
"../../../Engine/Plugins/Animation/ControlRig/Content/Controls/ControlRig_RoundedTriangle_1mm.uexp" 421
"../../../Engine/Plugins/Animation/ControlRig/Content/Controls/ControlRig_RoundedTriangle_1mm.ubulk" 422
"../../../Engine/Plugins/Animation/ControlRig/Content/Controls/ControlRig_RoundedTriangle_1mm.uasset" 423
"../../../Engine/Plugins/Animation/ControlRig/Content/Controls/ControlRig_Octagon_1mm.ubulk" 424
"../../../Engine/Plugins/Animation/ControlRig/Content/Controls/ControlRig_Octagon_1mm.uexp" 425
"../../../Engine/Plugins/Animation/ControlRig/Content/Controls/ControlRig_Octagon_1mm.uasset" 426
"../../../Engine/Plugins/Animation/ControlRig/Content/Controls/ControlRig_HalfCircle_solid.uexp" 427
"../../../Engine/Plugins/Animation/ControlRig/Content/Controls/ControlRig_HalfCircle_solid.ubulk" 428
"../../../Engine/Plugins/Animation/ControlRig/Content/Controls/ControlRig_HalfCircle_solid.uasset" 429
"../../../Engine/Plugins/Animation/ControlRig/Content/Controls/ControlRig_QuarterCircle_1mm.ubulk" 430
"../../../Engine/Plugins/Animation/ControlRig/Content/Controls/ControlRig_QuarterCircle_1mm.uexp" 431
"../../../Engine/Plugins/Animation/ControlRig/Content/Controls/ControlRig_QuarterCircle_1mm.uasset" 432
"../../../Engine/Plugins/Animation/ControlRig/Content/Controls/ControlRig_Arrow2_3mm.uexp" 433
"../../../Engine/Plugins/Animation/ControlRig/Content/Controls/ControlRig_Arrow2_3mm.ubulk" 434
"../../../Engine/Plugins/Animation/ControlRig/Content/Controls/ControlRig_Arrow2_3mm.uasset" 435
"../../../Engine/Plugins/Animation/ControlRig/Content/Controls/ControlRig_Pyramid_3mm.uasset" 436
"../../../Engine/Plugins/Animation/ControlRig/Content/Controls/ControlRig_Pyramid_3mm.uexp" 437
"../../../Engine/Plugins/Animation/ControlRig/Content/Controls/ControlRig_Pyramid_3mm.ubulk" 438
"../../../Engine/Plugins/Animation/ControlRig/Content/Controls/ControlRig_Star4_3mm.ubulk" 439
"../../../Engine/Plugins/Animation/ControlRig/Content/Controls/ControlRig_Star4_3mm.uexp" 440
"../../../Engine/Plugins/Animation/ControlRig/Content/Controls/ControlRig_Star4_3mm.uasset" 441
"../../../Engine/Plugins/Animation/ControlRig/Content/Controls/ControlRig_Arrow2_1mm.uexp" 442
"../../../Engine/Plugins/Animation/ControlRig/Content/Controls/ControlRig_Arrow2_1mm.ubulk" 443
"../../../Engine/Plugins/Animation/ControlRig/Content/Controls/ControlRig_Arrow2_1mm.uasset" 444
"../../../Engine/Plugins/Animation/ControlRig/Content/Controls/ControlRig_Circle_1mm.uexp" 445
"../../../Engine/Plugins/Animation/ControlRig/Content/Controls/ControlRig_Circle_1mm.ubulk" 446
"../../../Engine/Plugins/Animation/ControlRig/Content/Controls/ControlRig_Circle_1mm.uasset" 447
"../../../Engine/Plugins/Animation/ControlRig/Content/Controls/ControlRig_Triangle_1mm.uasset" 448
"../../../Engine/Plugins/Animation/ControlRig/Content/Controls/ControlRig_Triangle_1mm.uexp" 449
"../../../Engine/Plugins/Animation/ControlRig/Content/Controls/ControlRig_Triangle_1mm.ubulk" 450
"../../../Engine/Plugins/Animation/ControlRig/Content/Controls/ControlRig_Sphere_3mm.uexp" 451
"../../../Engine/Plugins/Animation/ControlRig/Content/Controls/ControlRig_Sphere_3mm.ubulk" 452
"../../../Engine/Plugins/Animation/ControlRig/Content/Controls/ControlRig_Sphere_3mm.uasset" 453
"../../../Engine/Plugins/Animation/ControlRig/Content/Controls/ControlRig_Circle_solid.uexp" 454
"../../../Engine/Plugins/Animation/ControlRig/Content/Controls/ControlRig_Circle_solid.ubulk" 455
"../../../Engine/Plugins/Animation/ControlRig/Content/Controls/ControlRig_Circle_solid.uasset" 456
"../../../Engine/Plugins/Animation/ControlRig/Content/Controls/ControlRig_Arrow4_1mm.ubulk" 457
"../../../Engine/Plugins/Animation/ControlRig/Content/Controls/ControlRig_Arrow4_1mm.uexp" 458
"../../../Engine/Plugins/Animation/ControlRig/Content/Controls/ControlRig_Arrow4_1mm.uasset" 459
"../../../Engine/Plugins/Animation/ControlRig/Content/Controls/ControlRig_Arrow4_3mm.uasset" 460
"../../../Engine/Plugins/Animation/ControlRig/Content/Controls/ControlRig_Arrow4_3mm.uexp" 461
"../../../Engine/Plugins/Animation/ControlRig/Content/Controls/ControlRig_Arrow4_3mm.ubulk" 462
"../../../Engine/Plugins/Animation/ControlRig/Content/Controls/ControlRig_Hexagon_solid.ubulk" 463
"../../../Engine/Plugins/Animation/ControlRig/Content/Controls/ControlRig_Hexagon_solid.uexp" 464
"../../../Engine/Plugins/Animation/ControlRig/Content/Controls/ControlRig_Hexagon_solid.uasset" 465
"../../../Engine/Plugins/Animation/ControlRig/Content/Controls/ControlRig_Arrow_1mm.ubulk" 466
"../../../Engine/Plugins/Animation/ControlRig/Content/Controls/ControlRig_Arrow_1mm.uexp" 467
"../../../Engine/Plugins/Animation/ControlRig/Content/Controls/ControlRig_Arrow_1mm.uasset" 468
"../../../Engine/Plugins/Animation/ControlRig/Content/Controls/ControlRig_RoundedSquare_solid.uexp" 469
"../../../Engine/Plugins/Animation/ControlRig/Content/Controls/ControlRig_RoundedSquare_solid.ubulk" 470
"../../../Engine/Plugins/Animation/ControlRig/Content/Controls/ControlRig_RoundedSquare_solid.uasset" 471
"../../../Engine/Plugins/Animation/ControlRig/Content/Controls/ControlRig_Wedge_solid.uasset" 472
"../../../Engine/Plugins/Animation/ControlRig/Content/Controls/ControlRig_Wedge_solid.uexp" 473
"../../../Engine/Plugins/Animation/ControlRig/Content/Controls/ControlRig_Wedge_solid.ubulk" 474
"../../../Engine/Plugins/Animation/ControlRig/Content/Controls/ControlRig_Square_solid.ubulk" 475
"../../../Engine/Plugins/Animation/ControlRig/Content/Controls/ControlRig_Square_solid.uexp" 476
"../../../Engine/Plugins/Animation/ControlRig/Content/Controls/ControlRig_Square_solid.uasset" 477
"../../../Engine/Plugins/Animation/ControlRig/Content/Controls/ControlRig_Arrow_solid.ubulk" 478
"../../../Engine/Plugins/Animation/ControlRig/Content/Controls/ControlRig_Arrow_solid.uexp" 479
"../../../Engine/Plugins/Animation/ControlRig/Content/Controls/ControlRig_Arrow_solid.uasset" 480
"../../../Engine/Plugins/Animation/ControlRig/Content/Controls/ControlRig_HalfCircle_3mm.ubulk" 481
"../../../Engine/Plugins/Animation/ControlRig/Content/Controls/ControlRig_HalfCircle_3mm.uexp" 482
"../../../Engine/Plugins/Animation/ControlRig/Content/Controls/ControlRig_HalfCircle_3mm.uasset" 483
"../../../Engine/Plugins/Animation/ControlRig/Content/Controls/ControlRig_Diamond_3mm.ubulk" 484
"../../../Engine/Plugins/Animation/ControlRig/Content/Controls/ControlRig_Diamond_3mm.uexp" 485
"../../../Engine/Plugins/Animation/ControlRig/Content/Controls/ControlRig_Diamond_3mm.uasset" 486
"../../../Engine/Plugins/Animation/ControlRig/Content/Controls/ControlRig_Arrow_3mm.uasset" 487
"../../../Engine/Plugins/Animation/ControlRig/Content/Controls/ControlRig_Arrow_3mm.ubulk" 488
"../../../Engine/Plugins/Animation/ControlRig/Content/Controls/ControlRig_Arrow_3mm.uexp" 489
"../../../Engine/Plugins/Animation/ControlRig/Content/Controls/ControlRigXRayMaterial.uasset" 490
"../../../Engine/Plugins/Animation/ControlRig/Content/Controls/ControlRigXRayMaterial.uexp" 491
"../../../Engine/Plugins/Animation/ControlRig/Content/Controls/ControlRig_Box_1mm.uasset" 492
"../../../Engine/Plugins/Animation/ControlRig/Content/Controls/ControlRig_Box_1mm.uexp" 493
"../../../Engine/Plugins/Animation/ControlRig/Content/Controls/ControlRig_Box_1mm.ubulk" 494
"../../../Engine/Plugins/Animation/ControlRig/Content/Controls/ControlRig_Octagon_3mm.uasset" 495
"../../../Engine/Plugins/Animation/ControlRig/Content/Controls/ControlRig_Octagon_3mm.ubulk" 496
"../../../Engine/Plugins/Animation/ControlRig/Content/Controls/ControlRig_Octagon_3mm.uexp" 497
"../../../Engine/Plugins/Animation/ControlRig/Content/Controls/ControlRig_Box_solid.uasset" 498
"../../../Engine/Plugins/Animation/ControlRig/Content/Controls/ControlRig_Box_solid.uexp" 499
"../../../Engine/Plugins/Animation/ControlRig/Content/Controls/ControlRig_Box_solid.ubulk" 500
"../../../Engine/Plugins/Animation/ControlRig/Content/Controls/ControlRig_Arrow4_solid.uasset" 501
"../../../Engine/Plugins/Animation/ControlRig/Content/Controls/ControlRig_Arrow4_solid.uexp" 502
"../../../Engine/Plugins/Animation/ControlRig/Content/Controls/ControlRig_Arrow4_solid.ubulk" 503
"../../../Engine/Plugins/Animation/ControlRig/Content/Controls/ControlRig_Sphere_solid.uasset" 504
"../../../Engine/Plugins/Animation/ControlRig/Content/Controls/ControlRig_Sphere_solid.ubulk" 505
"../../../Engine/Plugins/Animation/ControlRig/Content/Controls/ControlRig_Sphere_solid.uexp" 506
"../../../Engine/Plugins/Animation/ControlRig/Content/Controls/ControlRig_Triangle_solid.uasset" 507
"../../../Engine/Plugins/Animation/ControlRig/Content/Controls/ControlRig_Triangle_solid.uexp" 508
"../../../Engine/Plugins/Animation/ControlRig/Content/Controls/ControlRig_Triangle_solid.ubulk" 509
"../../../Engine/Plugins/Animation/ControlRig/Content/Controls/ControlRig_HalfCircle_1mm.ubulk" 510
"../../../Engine/Plugins/Animation/ControlRig/Content/Controls/ControlRig_HalfCircle_1mm.uasset" 511
"../../../Engine/Plugins/Animation/ControlRig/Content/Controls/ControlRig_HalfCircle_1mm.uexp" 512
"../../../Engine/Plugins/Animation/ControlRig/Content/Controls/ControlRig_Circle_3mm.uasset" 513
"../../../Engine/Plugins/Animation/ControlRig/Content/Controls/ControlRig_Circle_3mm.uexp" 514
"../../../Engine/Plugins/Animation/ControlRig/Content/Controls/ControlRig_Circle_3mm.ubulk" 515
"../../../Engine/Plugins/Animation/ControlRig/Content/Controls/ControlRig_Triangle_3mm.uasset" 516
"../../../Engine/Plugins/Animation/ControlRig/Content/Controls/ControlRig_Triangle_3mm.uexp" 517
"../../../Engine/Plugins/Animation/ControlRig/Content/Controls/ControlRig_Triangle_3mm.ubulk" 518
"../../../Engine/Plugins/Animation/ControlRig/Content/Controls/ControlRig_Pyramid_1mm.uexp" 519
"../../../Engine/Plugins/Animation/ControlRig/Content/Controls/ControlRig_Pyramid_1mm.uasset" 520
"../../../Engine/Plugins/Animation/ControlRig/Content/Controls/ControlRig_Pyramid_1mm.ubulk" 521
"../../../Engine/Plugins/Animation/ControlRig/Content/Controls/ControlRig_Arrow2_solid.uasset" 522
"../../../Engine/Plugins/Animation/ControlRig/Content/Controls/ControlRig_Arrow2_solid.uexp" 523
"../../../Engine/Plugins/Animation/ControlRig/Content/Controls/ControlRig_Arrow2_solid.ubulk" 524
"../../../Engine/Plugins/Animation/ControlRig/Content/Controls/ControlRig_RoundedSquare_1mm.uasset" 525
"../../../Engine/Plugins/Animation/ControlRig/Content/Controls/ControlRig_RoundedSquare_1mm.ubulk" 526
"../../../Engine/Plugins/Animation/ControlRig/Content/Controls/ControlRig_RoundedSquare_1mm.uexp" 527
"../../../Engine/Plugins/Animation/ControlRig/Content/Controls/ControlRig_Star4_solid.uasset" 528
"../../../Engine/Plugins/Animation/ControlRig/Content/Controls/ControlRig_Star4_solid.ubulk" 529
"../../../Engine/Plugins/Animation/ControlRig/Content/Controls/ControlRig_Star4_solid.uexp" 530
"../../../Engine/Plugins/Animation/ControlRig/Content/Controls/ControlRig_Hexagon_1mm.uasset" 531
"../../../Engine/Plugins/Animation/ControlRig/Content/Controls/ControlRig_Hexagon_1mm.ubulk" 532
"../../../Engine/Plugins/Animation/ControlRig/Content/Controls/ControlRig_Hexagon_1mm.uexp" 533
"../../../Engine/Plugins/Animation/ControlRig/Content/Controls/ControlRig_Hexagon_3mm.uasset" 534
"../../../Engine/Plugins/Animation/ControlRig/Content/Controls/ControlRig_Hexagon_3mm.uexp" 535
"../../../Engine/Plugins/Animation/ControlRig/Content/Controls/ControlRig_Hexagon_3mm.ubulk" 536
"../../../Engine/Plugins/Animation/ControlRig/Content/Controls/ControlRig_Square_1mm.ubulk" 537
"../../../Engine/Plugins/Animation/ControlRig/Content/Controls/ControlRig_Square_1mm.uasset" 538
"../../../Engine/Plugins/Animation/ControlRig/Content/Controls/ControlRig_Square_1mm.uexp" 539
"../../../Engine/Plugins/Animation/ControlRig/Content/Controls/ControlRig_Box_3mm.uexp" 540
"../../../Engine/Plugins/Animation/ControlRig/Content/Controls/ControlRig_Box_3mm.uasset" 541
"../../../Engine/Plugins/Animation/ControlRig/Content/Controls/ControlRig_Box_3mm.ubulk" 542
"../../../Engine/Plugins/Animation/ControlRig/Content/Controls/ControlRig_Pyramid_solid.uasset" 543
"../../../Engine/Plugins/Animation/ControlRig/Content/Controls/ControlRig_Pyramid_solid.uexp" 544
"../../../Engine/Plugins/Animation/ControlRig/Content/Controls/ControlRig_Pyramid_solid.ubulk" 545
"../../../Engine/Plugins/Animation/ControlRig/Content/Controls/ControlRig_QuarterCircle_solid.uexp" 546
"../../../Engine/Plugins/Animation/ControlRig/Content/Controls/ControlRig_QuarterCircle_solid.uasset" 547
"../../../Engine/Plugins/Animation/ControlRig/Content/Controls/ControlRig_QuarterCircle_solid.ubulk" 548
"../../../Engine/Plugins/Animation/ControlRig/Content/Controls/ControlRig_RoundedSquare_3mm.ubulk" 549
"../../../Engine/Plugins/Animation/ControlRig/Content/Controls/ControlRig_RoundedSquare_3mm.uasset" 550
"../../../Engine/Plugins/Animation/ControlRig/Content/Controls/ControlRig_RoundedSquare_3mm.uexp" 551
"../../../Engine/Plugins/Animation/ControlRig/Content/Controls/ControlRig_Wedge_3mm.uexp" 552
"../../../Engine/Plugins/Animation/ControlRig/Content/Controls/ControlRig_Wedge_3mm.uasset" 553
"../../../Engine/Plugins/Animation/ControlRig/Content/Controls/ControlRig_Wedge_3mm.ubulk" 554
"../../../Engine/Plugins/Animation/ControlRig/Content/Controls/ControlRig_Wedge_1mm.uexp" 555
"../../../Engine/Plugins/Animation/ControlRig/Content/Controls/ControlRig_Wedge_1mm.uasset" 556
"../../../Engine/Plugins/Animation/ControlRig/Content/Controls/ControlRig_Wedge_1mm.ubulk" 557
"../../../Engine/Plugins/Animation/ControlRig/Content/Controls/ControlRig_Star4_1mm.uexp" 558
"../../../Engine/Plugins/Animation/ControlRig/Content/Controls/ControlRig_Star4_1mm.uasset" 559
"../../../Engine/Plugins/Animation/ControlRig/Content/Controls/ControlRig_Star4_1mm.ubulk" 560
"../../../Engine/Plugins/Animation/ControlRig/Content/Controls/ControlRig_RoundedTriangle_3mm.ubulk" 561
"../../../Engine/Plugins/Animation/ControlRig/Content/Controls/ControlRig_RoundedTriangle_3mm.uasset" 562
"../../../Engine/Plugins/Animation/ControlRig/Content/Controls/ControlRig_RoundedTriangle_3mm.uexp" 563
"../../../Engine/Plugins/Animation/ControlRig/Content/Controls/ControlRig_QuarterCircle_3mm.uexp" 564
"../../../Engine/Plugins/Animation/ControlRig/Content/Controls/ControlRig_QuarterCircle_3mm.uasset" 565
"../../../Engine/Plugins/Animation/ControlRig/Content/Controls/ControlRig_QuarterCircle_3mm.ubulk" 566
"../../../Engine/Plugins/Animation/ControlRig/Content/Controls/ControlRig_RoundedTriangle_solid.uasset" 567
"../../../Engine/Plugins/Animation/ControlRig/Content/Controls/ControlRig_RoundedTriangle_solid.uexp" 568
"../../../Engine/Plugins/Animation/ControlRig/Content/Controls/ControlRig_RoundedTriangle_solid.ubulk" 569
"../../../Engine/Plugins/Animation/ControlRig/Content/Controls/ControlRig_Octagon_solid.ubulk" 570
"../../../Engine/Plugins/Animation/ControlRig/Content/Controls/ControlRig_Octagon_solid.uasset" 571
"../../../Engine/Plugins/Animation/ControlRig/Content/Controls/ControlRig_Octagon_solid.uexp" 572
"../../../Engine/Plugins/Animation/ControlRig/Content/Controls/ControlRigGizmoMaterial.uasset" 573
"../../../Engine/Plugins/Animation/ControlRig/Content/Controls/ControlRigGizmoMaterial.uexp" 574
"../../../Engine/Plugins/Animation/ControlRig/Content/Controls/ControlRig_Diamond_solid.uexp" 575
"../../../Engine/Plugins/Animation/ControlRig/Content/Controls/ControlRig_Diamond_solid.uasset" 576
"../../../Engine/Plugins/Animation/ControlRig/Content/Controls/ControlRig_Diamond_solid.ubulk" 577
"../../../Engine/Plugins/Animation/ControlRig/Content/Controls/ControlRig_Sphere_1mm.ubulk" 578
"../../../Engine/Plugins/Animation/ControlRig/Content/Controls/ControlRig_Sphere_1mm.uasset" 579
"../../../Engine/Plugins/Animation/ControlRig/Content/Controls/ControlRig_Sphere_1mm.uexp" 580
"../../../Engine/Plugins/Animation/ControlRig/Content/Controls/ControlRig_Square_3mm.ubulk" 581
"../../../Engine/Plugins/Animation/ControlRig/Content/Controls/ControlRig_Square_3mm.uasset" 582
"../../../Engine/Plugins/Animation/ControlRig/Content/Controls/ControlRig_Square_3mm.uexp" 583
"../../../Engine/Content/EngineResources/DefaultTexture.uasset" 584
"../../../Engine/Content/EngineResources/DefaultTexture.ubulk" 585
"../../../Engine/Content/EngineResources/DefaultTexture.uexp" 586
"../../../Engine/Content/EditorMaterials/Dataflow/DataflowVertexMaterial.uexp" 587
"../../../Engine/Content/EditorMaterials/Dataflow/DataflowVertexMaterial.uasset" 588
"../../../Engine/Content/EditorMaterials/Dataflow/DataflowTwoSidedVertexMaterial.uasset" 589
"../../../Engine/Content/EditorMaterials/Dataflow/DataflowTwoSidedVertexMaterial.uexp" 590
"../../../Engine/Content/EngineResources/FilmGrains/Marcie_Grain_v3_128_M2_000.uasset" 591
"../../../Engine/Content/EngineResources/FilmGrains/Marcie_Grain_v3_128_M2_000.uexp" 592
"../../../Engine/Content/EngineResources/Development/ZenLogo_64.uexp" 593
"../../../Engine/Content/EngineResources/Development/ZenLogo_64.uasset" 594
"../../../Engine/Content/EngineMaterials/LTC/Sheen_LTC.uexp" 595
"../../../Engine/Content/EngineMaterials/LTC/Sheen_LTC.uasset" 596
"../../../Engine/Content/EngineMaterials/LTC/GGX_LTCAmp.uexp" 597
"../../../Engine/Content/EngineMaterials/LTC/GGX_LTCAmp.uasset" 598
"../../../Engine/Content/EngineMaterials/LTC/GGX_LTCMat.uexp" 599
"../../../Engine/Content/EngineMaterials/LTC/GGX_LTCMat.uasset" 600
"../../../Engine/Content/EngineMaterials/EnergyConservation/GGX_ReflectionEnergy.uexp" 601
"../../../Engine/Content/EngineMaterials/EnergyConservation/GGX_ReflectionEnergy.uasset" 602
"../../../Engine/Content/EngineMaterials/EnergyConservation/SheenLegacy_Energy.uasset" 603
"../../../Engine/Content/EngineMaterials/EnergyConservation/SheenLegacy_Energy.uexp" 604
"../../../Engine/Content/EngineMaterials/EnergyConservation/GGX_TransmissionEnergyArray.uasset" 605
"../../../Engine/Content/EngineMaterials/EnergyConservation/GGX_TransmissionEnergyArray.uexp" 606
"../../../Engine/Content/EngineMaterials/EnergyConservation/Sheen_Energy.uasset" 607
"../../../Engine/Content/EngineMaterials/EnergyConservation/Sheen_Energy.uexp" 608
"../../../Engine/Content/EngineMaterials/EnergyConservation/Diffuse_Energy.uasset" 609
"../../../Engine/Content/EngineMaterials/EnergyConservation/Diffuse_Energy.uexp" 610
"../../../Engine/Content/EditorResources/SequenceRecorder/Countdown.uasset" 611
"../../../Engine/Content/EditorResources/SequenceRecorder/Countdown.uexp" 612
"../../../Engine/Content/EditorResources/SequenceRecorder/RecordingIndicator.uasset" 613
"../../../Engine/Content/EditorResources/SequenceRecorder/RecordingIndicator.uexp" 614
"../../../Engine/Content/EditorMaterials/Camera/CineMat.uasset" 615
"../../../Engine/Content/EditorMaterials/Camera/CineMat.uexp" 616
"../../../Engine/Content/EditorMaterials/Camera/MI_CineMat_Rig.uasset" 617
"../../../Engine/Content/EditorMaterials/Camera/MI_CineMat_Rig.uexp" 618
"../../../Engine/Content/EditorMeshes/Camera/SM_CraneRig_Base.uexp" 619
"../../../Engine/Content/EditorMeshes/Camera/SM_CraneRig_Base.ubulk" 620
"../../../Engine/Content/EditorMeshes/Camera/SM_CraneRig_Base.uasset" 621
"../../../Engine/Content/EditorMeshes/Camera/SM_CraneRig_Body.uexp" 622
"../../../Engine/Content/EditorMeshes/Camera/SM_CraneRig_Body.ubulk" 623
"../../../Engine/Content/EditorMeshes/Camera/SM_CraneRig_Body.uasset" 624
"../../../Engine/Content/EditorMeshes/Camera/SM_CraneRig_Arm.uexp" 625
"../../../Engine/Content/EditorMeshes/Camera/SM_CraneRig_Arm.ubulk" 626
"../../../Engine/Content/EditorMeshes/Camera/SM_CraneRig_Arm.uasset" 627
"../../../Engine/Content/EditorMeshes/Camera/SM_CraneRig_Mount.ubulk" 628
"../../../Engine/Content/EditorMeshes/Camera/SM_CraneRig_Mount.uexp" 629
"../../../Engine/Content/EditorMeshes/Camera/SM_CraneRig_Mount.uasset" 630
"../../../Engine/Content/EditorMeshes/Camera/SM_RailRig_Mount.ubulk" 631
"../../../Engine/Content/EditorMeshes/Camera/SM_RailRig_Mount.uasset" 632
"../../../Engine/Content/EditorMeshes/Camera/SM_RailRig_Mount.uexp" 633
"../../../Engine/Content/EditorMeshes/Camera/SM_RailRig_Track.uasset" 634
"../../../Engine/Content/EditorMeshes/Camera/SM_RailRig_Track.uexp" 635
"../../../Engine/Content/EditorMeshes/Camera/SM_RailRig_Track.ubulk" 636
"../../../Engine/Content/EditorMaterials/ParticleSystems/PSysThumbnail_NoImage.uexp" 637
"../../../Engine/Content/EditorMaterials/ParticleSystems/PSysThumbnail_NoImage.ubulk" 638
"../../../Engine/Content/EditorMaterials/ParticleSystems/PSysThumbnail_NoImage.uasset" 639
"../../../Engine/Content/EditorMaterials/ParticleSystems/PSysThumbnail_OOD.uexp" 640
"../../../Engine/Content/EditorMaterials/ParticleSystems/PSysThumbnail_OOD.uasset" 641
"../../../Engine/Content/EditorMaterials/ParticleSystems/PSysThumbnail_OOD.ubulk" 642
"../../../Engine/Plugins/Experimental/Landmass/Content/Landscape/Meshes/S_SpritePlane.uasset" 643
"../../../Engine/Plugins/Experimental/Landmass/Content/Landscape/Meshes/S_SpritePlane.uexp" 644
"../../../Engine/Plugins/Experimental/Landmass/Content/Landscape/Meshes/S_SpritePlane.ubulk" 645
"../../../Engine/Content/VREditor/LaserPointer/VR_LaserPower_01.ubulk" 646
"../../../Engine/Content/VREditor/LaserPointer/VR_LaserPower_01.uexp" 647
"../../../Engine/Content/VREditor/LaserPointer/VR_LaserPower_01.uasset" 648
"../../../Engine/Content/VREditor/TransformGizmo/TransformGizmoMaterial.uexp" 649
"../../../Engine/Content/VREditor/TransformGizmo/TransformGizmoMaterial.uasset" 650
"../../../Engine/Content/VREditor/TransformGizmo/TranslucentTransformGizmoMaterial.uasset" 651
"../../../Engine/Content/VREditor/TransformGizmo/TranslucentTransformGizmoMaterial.uexp" 652
"../../../Engine/Content/VREditor/TransformGizmo/BoundingBoxCorner.uasset" 653
"../../../Engine/Content/VREditor/TransformGizmo/BoundingBoxCorner.uexp" 654
"../../../Engine/Content/VREditor/TransformGizmo/BoundingBoxCorner.ubulk" 655
"../../../Engine/Content/VREditor/TransformGizmo/Main.uexp" 656
"../../../Engine/Content/VREditor/TransformGizmo/Main.uasset" 657
"../../../Engine/Content/VREditor/TransformGizmo/Xray.uasset" 658
"../../../Engine/Content/VREditor/TransformGizmo/Xray.uexp" 659
"../../../Engine/Content/VREditor/TransformGizmo/SM_Sequencer_Node.uasset" 660
"../../../Engine/Content/VREditor/TransformGizmo/SM_Sequencer_Node.uexp" 661
"../../../Engine/Content/VREditor/TransformGizmo/SM_Sequencer_Node.ubulk" 662
"../../../Engine/Content/VREditor/TransformGizmo/BoundingBoxEdge.uexp" 663
"../../../Engine/Content/VREditor/TransformGizmo/BoundingBoxEdge.uasset" 664
"../../../Engine/Content/VREditor/TransformGizmo/BoundingBoxEdge.ubulk" 665
"/home/evelyn/Documents/Unreal Projects/Bramble64/Content/Input/Actions/IA_Jump.uasset" 666
"/home/evelyn/Documents/Unreal Projects/Bramble64/Content/Input/Actions/IA_Jump.uexp" 667
"/home/evelyn/Documents/Unreal Projects/Bramble64/Content/Input/Actions/IA_Move.uasset" 668
"/home/evelyn/Documents/Unreal Projects/Bramble64/Content/Input/Actions/IA_Move.uexp" 669
"/home/evelyn/Documents/Unreal Projects/Bramble64/Content/Input/Actions/IA_Look.uasset" 670
"/home/evelyn/Documents/Unreal Projects/Bramble64/Content/Input/Actions/IA_Look.uexp" 671
"/home/evelyn/Documents/Unreal Projects/Bramble64/Content/Input/Actions/IA_MouseLook.uexp" 672
"/home/evelyn/Documents/Unreal Projects/Bramble64/Content/Input/Actions/IA_MouseLook.uasset" 673
"../../../Engine/Content/EngineMaterials/DefaultMaterial.uasset" 674
"../../../Engine/Content/EngineMaterials/DefaultMaterial.uexp" 675
"../../../Engine/Content/BasicShapes/Sphere.uasset" 676
"../../../Engine/Content/BasicShapes/Sphere.ubulk" 677
"../../../Engine/Content/BasicShapes/Sphere.uexp" 678
"../../../Engine/Content/BasicShapes/BasicShapeMaterial.uasset" 679
"../../../Engine/Content/BasicShapes/BasicShapeMaterial.uexp" 680
"/home/evelyn/Documents/Unreal Projects/Bramble64/Content/Blueprints/BP_Enemy.uexp" 681
"/home/evelyn/Documents/Unreal Projects/Bramble64/Content/Blueprints/BP_Enemy.uasset" 682
"../../../Engine/Content/BasicShapes/Cube.uexp" 683
"../../../Engine/Content/BasicShapes/Cube.uasset" 684
"../../../Engine/Content/BasicShapes/Cube.ubulk" 685
"/home/evelyn/Documents/Unreal Projects/Bramble64/Content/Blueprints/BP_BouncePad.uasset" 686
"/home/evelyn/Documents/Unreal Projects/Bramble64/Content/Blueprints/BP_BouncePad.uexp" 687
"/home/evelyn/Documents/Unreal Projects/Bramble64/Content/Input/Touch/BPI_TouchInterface.uexp" 688
"/home/evelyn/Documents/Unreal Projects/Bramble64/Content/Input/Touch/BPI_TouchInterface.uasset" 689
"../../../Engine/Plugins/Interchange/Assets/Content/Functions/MF_PhongToMetalRoughness.uexp" 690
"../../../Engine/Plugins/Interchange/Assets/Content/Functions/MF_PhongToMetalRoughness.uasset" 691
"/home/evelyn/Documents/Unreal Projects/Bramble64/Content/Characters/Bramble/Bramble_Body_Color.ubulk" 692
"/home/evelyn/Documents/Unreal Projects/Bramble64/Content/Characters/Bramble/Bramble_Body_Color.uexp" 693
"/home/evelyn/Documents/Unreal Projects/Bramble64/Content/Characters/Bramble/Bramble_Body_Color.uasset" 694
"/home/evelyn/Documents/Unreal Projects/Bramble64/Content/Characters/Bramble/Body.uasset" 695
"/home/evelyn/Documents/Unreal Projects/Bramble64/Content/Characters/Bramble/Body.uexp" 696
"/home/evelyn/Documents/Unreal Projects/Bramble64/Content/Characters/Bramble/Bramble2_Skeleton.uexp" 697
"/home/evelyn/Documents/Unreal Projects/Bramble64/Content/Characters/Bramble/Bramble2_Skeleton.uasset" 698
"/home/evelyn/Documents/Unreal Projects/Bramble64/Content/Characters/Bramble/Bramble_Horns_Color.uexp" 699
"/home/evelyn/Documents/Unreal Projects/Bramble64/Content/Characters/Bramble/Bramble_Horns_Color.ubulk" 700
"/home/evelyn/Documents/Unreal Projects/Bramble64/Content/Characters/Bramble/Bramble_Horns_Color.uasset" 701
"/home/evelyn/Documents/Unreal Projects/Bramble64/Content/Characters/Bramble/Horns.uexp" 702
"/home/evelyn/Documents/Unreal Projects/Bramble64/Content/Characters/Bramble/Horns.uasset" 703
"/home/evelyn/Documents/Unreal Projects/Bramble64/Content/Characters/Bramble/Material_001.uexp" 704
"/home/evelyn/Documents/Unreal Projects/Bramble64/Content/Characters/Bramble/Material_001.uasset" 705
"/home/evelyn/Documents/Unreal Projects/Bramble64/Content/Characters/Bramble/Bramble2_PhysicsAsset.uexp" 706
"/home/evelyn/Documents/Unreal Projects/Bramble64/Content/Characters/Bramble/Bramble2_PhysicsAsset.uasset" 707
"/home/evelyn/Documents/Unreal Projects/Bramble64/Content/Characters/Bramble/Bramble_Eye_Color.uexp" 708
"/home/evelyn/Documents/Unreal Projects/Bramble64/Content/Characters/Bramble/Bramble_Eye_Color.uasset" 709
"/home/evelyn/Documents/Unreal Projects/Bramble64/Content/Characters/Bramble/Bramble_Eye_Color.ubulk" 710
"/home/evelyn/Documents/Unreal Projects/Bramble64/Content/Characters/Bramble/Bramble_Eye_Roughness.uexp" 711
"/home/evelyn/Documents/Unreal Projects/Bramble64/Content/Characters/Bramble/Bramble_Eye_Roughness.uasset" 712
"/home/evelyn/Documents/Unreal Projects/Bramble64/Content/Characters/Bramble/Bramble_Eye_Roughness.ubulk" 713
"/home/evelyn/Documents/Unreal Projects/Bramble64/Content/Characters/Bramble/Eyes.uasset" 714
"/home/evelyn/Documents/Unreal Projects/Bramble64/Content/Characters/Bramble/Eyes.uexp" 715
"/home/evelyn/Documents/Unreal Projects/Bramble64/Content/Characters/Bramble/Bramble2.uexp" 716
"/home/evelyn/Documents/Unreal Projects/Bramble64/Content/Characters/Bramble/Bramble2.uasset" 717
"../../../Engine/Plugins/Animation/ACLPlugin/Content/ACLAnimBoneCompressionSettings.uasset" 718
"../../../Engine/Plugins/Animation/ACLPlugin/Content/ACLAnimBoneCompressionSettings.uexp" 719
"../../../Engine/Plugins/Animation/ACLPlugin/Content/ACLAnimCurveCompressionSettings.uasset" 720
"../../../Engine/Plugins/Animation/ACLPlugin/Content/ACLAnimCurveCompressionSettings.uexp" 721
"../../../Engine/Content/Animation/DefaultVariableFrameStrippingSettings.uasset" 722
"../../../Engine/Content/Animation/DefaultVariableFrameStrippingSettings.uexp" 723
"/home/evelyn/Documents/Unreal Projects/Bramble64/Content/Characters/Bramble/Bramble2_Anim_Armature_AirUp.uasset" 724
"/home/evelyn/Documents/Unreal Projects/Bramble64/Content/Characters/Bramble/Bramble2_Anim_Armature_AirUp.uexp" 725
"/home/evelyn/Documents/Unreal Projects/Bramble64/Content/Characters/Bramble/Bramble2_Anim_Armature_AirDown.uasset" 726
"/home/evelyn/Documents/Unreal Projects/Bramble64/Content/Characters/Bramble/Bramble2_Anim_Armature_AirDown.uexp" 727
"/home/evelyn/Documents/Unreal Projects/Bramble64/Content/Characters/Bramble/BS_Bramble_Falling.uexp" 728
"/home/evelyn/Documents/Unreal Projects/Bramble64/Content/Characters/Bramble/BS_Bramble_Falling.uasset" 729
"/home/evelyn/Documents/Unreal Projects/Bramble64/Content/Characters/Bramble/Bramble2_Anim_Armature_Idle.uexp" 730
"/home/evelyn/Documents/Unreal Projects/Bramble64/Content/Characters/Bramble/Bramble2_Anim_Armature_Idle.uasset" 731
"/home/evelyn/Documents/Unreal Projects/Bramble64/Content/Characters/Bramble/Bramble2_Anim_Armature_Walk1.uexp" 732
"/home/evelyn/Documents/Unreal Projects/Bramble64/Content/Characters/Bramble/Bramble2_Anim_Armature_Walk1.uasset" 733
"/home/evelyn/Documents/Unreal Projects/Bramble64/Content/Characters/Bramble/Bramble2_Anim_Armature_Run1.uasset" 734
"/home/evelyn/Documents/Unreal Projects/Bramble64/Content/Characters/Bramble/Bramble2_Anim_Armature_Run1.uexp" 735
"/home/evelyn/Documents/Unreal Projects/Bramble64/Content/Characters/Bramble/Bramble2_Anim_Armature_Walk.uasset" 736
"/home/evelyn/Documents/Unreal Projects/Bramble64/Content/Characters/Bramble/Bramble2_Anim_Armature_Walk.uexp" 737
"/home/evelyn/Documents/Unreal Projects/Bramble64/Content/Characters/Bramble/Bramble2_Anim_Armature_Run.uasset" 738
"/home/evelyn/Documents/Unreal Projects/Bramble64/Content/Characters/Bramble/Bramble2_Anim_Armature_Run.uexp" 739
"/home/evelyn/Documents/Unreal Projects/Bramble64/Content/Characters/Bramble/BS_Bramble_Walk.uasset" 740
"/home/evelyn/Documents/Unreal Projects/Bramble64/Content/Characters/Bramble/BS_Bramble_Walk.uexp" 741
"/home/evelyn/Documents/Unreal Projects/Bramble64/Content/Characters/Bramble/Bramble2_Anim_Armature_JumpStart.uasset" 742
"/home/evelyn/Documents/Unreal Projects/Bramble64/Content/Characters/Bramble/Bramble2_Anim_Armature_JumpStart.uexp" 743
"/home/evelyn/Documents/Unreal Projects/Bramble64/Content/Characters/Bramble/ABP_Bramble.uexp" 744
"/home/evelyn/Documents/Unreal Projects/Bramble64/Content/Characters/Bramble/ABP_Bramble.uasset" 745
"/home/evelyn/Documents/Unreal Projects/Bramble64/Content/Audio/SFX/SA_Default.uexp" 746
"/home/evelyn/Documents/Unreal Projects/Bramble64/Content/Audio/SFX/SA_Default.uasset" 747
"/home/evelyn/Documents/Unreal Projects/Bramble64/Content/Characters/Bramble/SFX/BrambleJump.uexp" 748
"/home/evelyn/Documents/Unreal Projects/Bramble64/Content/Characters/Bramble/SFX/BrambleJump.ubulk" 749
"/home/evelyn/Documents/Unreal Projects/Bramble64/Content/Characters/Bramble/SFX/BrambleJump.uasset" 750
"/home/evelyn/Documents/Unreal Projects/Bramble64/Content/Characters/Bramble/SFX/BrambleDive.uasset" 751
"/home/evelyn/Documents/Unreal Projects/Bramble64/Content/Characters/Bramble/SFX/BrambleDive.uexp" 752
"/home/evelyn/Documents/Unreal Projects/Bramble64/Content/Characters/Bramble/SFX/BrambleDive.ubulk" 753
"/home/evelyn/Documents/Unreal Projects/Bramble64/Content/Audio/SFX/Footsteps/W_Footstep_Tile.uasset" 754
"/home/evelyn/Documents/Unreal Projects/Bramble64/Content/Audio/SFX/Footsteps/W_Footstep_Tile.ubulk" 755
"/home/evelyn/Documents/Unreal Projects/Bramble64/Content/Audio/SFX/Footsteps/W_Footstep_Tile.uexp" 756
"/home/evelyn/Documents/Unreal Projects/Bramble64/Content/Audio/SFX/Footsteps/MS_Footstep_Tile.uasset" 757
"/home/evelyn/Documents/Unreal Projects/Bramble64/Content/Audio/SFX/Footsteps/MS_Footstep_Tile.uexp" 758
"/home/evelyn/Documents/Unreal Projects/Bramble64/Content/Characters/Bramble/SFX/BrambleRamStart.uasset" 759
"/home/evelyn/Documents/Unreal Projects/Bramble64/Content/Characters/Bramble/SFX/BrambleRamStart.ubulk" 760
"/home/evelyn/Documents/Unreal Projects/Bramble64/Content/Characters/Bramble/SFX/BrambleRamStart.uexp" 761
"/home/evelyn/Documents/Unreal Projects/Bramble64/Content/Characters/Bramble/SFX/BrambleRollingGround.uasset" 762
"/home/evelyn/Documents/Unreal Projects/Bramble64/Content/Characters/Bramble/SFX/BrambleRollingGround.ubulk" 763
"/home/evelyn/Documents/Unreal Projects/Bramble64/Content/Characters/Bramble/SFX/BrambleRollingGround.uexp" 764
"/home/evelyn/Documents/Unreal Projects/Bramble64/Content/Characters/Bramble/SFX/MS_BrambleRollingGround.uexp" 765
"/home/evelyn/Documents/Unreal Projects/Bramble64/Content/Characters/Bramble/SFX/MS_BrambleRollingGround.uasset" 766
"/home/evelyn/Documents/Unreal Projects/Bramble64/Content/Characters/Bramble/WB_BrambleRam.uasset" 767
"/home/evelyn/Documents/Unreal Projects/Bramble64/Content/Characters/Bramble/WB_BrambleRam.uexp" 768
"/home/evelyn/Documents/Unreal Projects/Bramble64/Content/Audio/SFX/Characters/Bramble/W_Bramble_SwoopStomp_Start.uasset" 769
"/home/evelyn/Documents/Unreal Projects/Bramble64/Content/Audio/SFX/Characters/Bramble/W_Bramble_SwoopStomp_Start.ubulk" 770
"/home/evelyn/Documents/Unreal Projects/Bramble64/Content/Audio/SFX/Characters/Bramble/W_Bramble_SwoopStomp_Start.uexp" 771
"/home/evelyn/Documents/Unreal Projects/Bramble64/Content/Audio/SFX/Characters/Bramble/W_Bramble_SwoopStomp_Impact.ubulk" 772
"/home/evelyn/Documents/Unreal Projects/Bramble64/Content/Audio/SFX/Characters/Bramble/W_Bramble_SwoopStomp_Impact.uasset" 773
"/home/evelyn/Documents/Unreal Projects/Bramble64/Content/Audio/SFX/Characters/Bramble/W_Bramble_SwoopStomp_Impact.uexp" 774
"/home/evelyn/Documents/Unreal Projects/Bramble64/Content/Characters/Bramble/Input/IA_Bramble_Ram.uasset" 775
"/home/evelyn/Documents/Unreal Projects/Bramble64/Content/Characters/Bramble/Input/IA_Bramble_Ram.uexp" 776
"/home/evelyn/Documents/Unreal Projects/Bramble64/Content/Characters/Bramble/Input/IA_Bramble_SwoopStomp.uasset" 777
"/home/evelyn/Documents/Unreal Projects/Bramble64/Content/Characters/Bramble/Input/IA_Bramble_SwoopStomp.uexp" 778
"/home/evelyn/Documents/Unreal Projects/Bramble64/Content/Characters/Bramble/Input/IA_Bramble_Attack.uasset" 779
"/home/evelyn/Documents/Unreal Projects/Bramble64/Content/Characters/Bramble/Input/IA_Bramble_Attack.uexp" 780
"/home/evelyn/Documents/Unreal Projects/Bramble64/Content/ThirdPerson/Blueprints/BP_ThirdPersonCharacter.uexp" 781
"/home/evelyn/Documents/Unreal Projects/Bramble64/Content/ThirdPerson/Blueprints/BP_ThirdPersonCharacter.uasset" 782
"/home/evelyn/Documents/Unreal Projects/Bramble64/Content/Input/IMC_Default.uexp" 783
"/home/evelyn/Documents/Unreal Projects/Bramble64/Content/Input/IMC_Default.uasset" 784
"/home/evelyn/Documents/Unreal Projects/Bramble64/Content/Input/IMC_MouseLook.uasset" 785
"/home/evelyn/Documents/Unreal Projects/Bramble64/Content/Input/IMC_MouseLook.uexp" 786
"../../../Engine/Content/MobileResources/HUD/VirtualJoystick_Thumb.uasset" 787
"../../../Engine/Content/MobileResources/HUD/VirtualJoystick_Thumb.uexp" 788
"../../../Engine/Content/MobileResources/HUD/VirtualJoystick_Background.uasset" 789
"../../../Engine/Content/MobileResources/HUD/VirtualJoystick_Background.uexp" 790
"/home/evelyn/Documents/Unreal Projects/Bramble64/Content/Input/Touch/UI_Thumbstick.uasset" 791
"/home/evelyn/Documents/Unreal Projects/Bramble64/Content/Input/Touch/UI_Thumbstick.uexp" 792
"/home/evelyn/Documents/Unreal Projects/Bramble64/Content/Input/Touch/UI_TouchSimple.uasset" 793
"/home/evelyn/Documents/Unreal Projects/Bramble64/Content/Input/Touch/UI_TouchSimple.uexp" 794
"/home/evelyn/Documents/Unreal Projects/Bramble64/Content/ThirdPerson/Blueprints/BP_ThirdPersonPlayerController.uasset" 795
"/home/evelyn/Documents/Unreal Projects/Bramble64/Content/ThirdPerson/Blueprints/BP_ThirdPersonPlayerController.uexp" 796
"/home/evelyn/Documents/Unreal Projects/Bramble64/Content/ThirdPerson/Blueprints/BP_ThirdPersonGameMode.uexp" 797
"/home/evelyn/Documents/Unreal Projects/Bramble64/Content/ThirdPerson/Blueprints/BP_ThirdPersonGameMode.uasset" 798
"../../../Engine/Content/ArtTools/RenderToTexture/Meshes/S_1_Unit_Plane.uasset" 799
"../../../Engine/Content/ArtTools/RenderToTexture/Meshes/S_1_Unit_Plane.ubulk" 800
"../../../Engine/Content/ArtTools/RenderToTexture/Meshes/S_1_Unit_Plane.uexp" 801
"../../../Engine/Content/Functions/Engine_MaterialFunctions01/Shading/ConvertFromDiffSpec.uasset" 802
"../../../Engine/Content/Functions/Engine_MaterialFunctions01/Shading/ConvertFromDiffSpec.uexp" 803
"../../../Engine/Content/Functions/Engine_MaterialFunctions01/Shading/PowerToRoughness.uasset" 804
"../../../Engine/Content/Functions/Engine_MaterialFunctions01/Shading/PowerToRoughness.uexp" 805
"../../../Engine/Content/EditorResources/S_Terrain.ubulk" 806
"../../../Engine/Content/EditorResources/S_Terrain.uexp" 807
"../../../Engine/Content/EditorResources/S_Terrain.uasset" 808
"../../../Engine/Content/Functions/Engine_MaterialFunctions02/WorldPositionOffset/V2/ObjectScale.uexp" 809
"../../../Engine/Content/Functions/Engine_MaterialFunctions02/WorldPositionOffset/V2/ObjectScale.uasset" 810
"../../../Engine/Content/Functions/Engine_MaterialFunctions02/WorldPositionOffset/ComponentPivotLocation.uasset" 811
"../../../Engine/Content/Functions/Engine_MaterialFunctions02/WorldPositionOffset/ComponentPivotLocation.uexp" 812
"../../../Engine/Content/Functions/Engine_MaterialFunctions02/WorldPositionOffset/Sprite.uasset" 813
"../../../Engine/Content/Functions/Engine_MaterialFunctions02/WorldPositionOffset/Sprite.uexp" 814
"../../../Engine/Plugins/Experimental/Landmass/Content/Landscape/BlueprintBrushes/Materials/Sprite/M_BrushSprite_01.uasset" 815
"../../../Engine/Plugins/Experimental/Landmass/Content/Landscape/BlueprintBrushes/Materials/Sprite/M_BrushSprite_01.uexp" 816
"../../../Engine/Content/Functions/Engine_MaterialFunctions03/Procedurals/ComputeFilterWidth.uexp" 817
"../../../Engine/Content/Functions/Engine_MaterialFunctions03/Procedurals/ComputeFilterWidth.uasset" 818
"../../../Engine/Content/EngineMaterials/BlendFunc_DefBase.uexp" 819
"../../../Engine/Content/EngineMaterials/BlendFunc_DefBase.uasset" 820
"../../../Engine/Content/EngineMaterials/BlendFunc_DefBlend.uasset" 821
"../../../Engine/Content/EngineMaterials/BlendFunc_DefBlend.uexp" 822
"../../../Engine/Content/Functions/Engine_MaterialFunctions03/Blends/Blend_Screen.uasset" 823
"../../../Engine/Content/Functions/Engine_MaterialFunctions03/Blends/Blend_Screen.uexp" 824
"../../../Engine/Content/EditorMaterials/TilingAALineIntegral.uasset" 825
"../../../Engine/Content/EditorMaterials/TilingAALineIntegral.uexp" 826
"../../../Engine/Content/EditorMaterials/TilingAALineBoxFiltered.uasset" 827
"../../../Engine/Content/EditorMaterials/TilingAALineBoxFiltered.uexp" 828
"../../../Engine/Content/EditorMaterials/TilingAAGrid.uasset" 829
"../../../Engine/Content/EditorMaterials/TilingAAGrid.uexp" 830
"../../../Engine/Content/EngineResources/Black_Low.uexp" 831
"../../../Engine/Content/EngineResources/Black_Low.uasset" 832
"../../../Engine/Plugins/Experimental/Landmass/Content/Landscape/BlueprintBrushes/MPC/MPC_Landscape.uexp" 833
"../../../Engine/Plugins/Experimental/Landmass/Content/Landscape/BlueprintBrushes/MPC/MPC_Landscape.uasset" 834
"../../../Engine/Plugins/Experimental/Landmass/Content/Landscape/BlueprintBrushes/MF/PointSampleLandscapeUVs.uexp" 835
"../../../Engine/Plugins/Experimental/Landmass/Content/Landscape/BlueprintBrushes/MF/PointSampleLandscapeUVs.uasset" 836
"../../../Engine/Content/Functions/Engine_MaterialFunctions01/ImageAdjustment/SCurve.uexp" 837
"../../../Engine/Content/Functions/Engine_MaterialFunctions01/ImageAdjustment/SCurve.uasset" 838
"../../../Engine/Content/ArtTools/RenderToTexture/Textures/T_EV_BlankWhite_01.uasset" 839
"../../../Engine/Content/ArtTools/RenderToTexture/Textures/T_EV_BlankWhite_01.uexp" 840
"../../../Engine/Plugins/Experimental/Landmass/Content/Landscape/OldPrototype_BP/Mats/MF/UnpackRG8Height.uasset" 841
"../../../Engine/Plugins/Experimental/Landmass/Content/Landscape/OldPrototype_BP/Mats/MF/UnpackRG8Height.uexp" 842
"../../../Engine/Plugins/Experimental/Landmass/Content/Landscape/BlueprintBrushes/MF/LandmassBrush_UVs.uexp" 843
"../../../Engine/Plugins/Experimental/Landmass/Content/Landscape/BlueprintBrushes/MF/LandmassBrush_UVs.uasset" 844
"../../../Engine/Plugins/Experimental/Landmass/Content/Landscape/BlueprintBrushes/MF/LandmassBrush_EdgeFalloff.uexp" 845
"../../../Engine/Plugins/Experimental/Landmass/Content/Landscape/BlueprintBrushes/MF/LandmassBrush_EdgeFalloff.uasset" 846
"../../../Engine/Plugins/Experimental/Landmass/Content/Landscape/BlueprintBrushes/MF/Landmass_BrushTilt.uexp" 847
"../../../Engine/Plugins/Experimental/Landmass/Content/Landscape/BlueprintBrushes/MF/Landmass_BrushTilt.uasset" 848
"../../../Engine/Plugins/Experimental/Landmass/Content/Landscape/BlueprintBrushes/MF/LandmassBrush_Noise.uexp" 849
"../../../Engine/Plugins/Experimental/Landmass/Content/Landscape/BlueprintBrushes/MF/LandmassBrush_Noise.uasset" 850
"../../../Engine/Plugins/Experimental/Landmass/Content/Landscape/BlueprintBrushes/Materials/BrushMaterials/BasicFunctions/LandmassBrush_ShapeMask.uexp" 851
"../../../Engine/Plugins/Experimental/Landmass/Content/Landscape/BlueprintBrushes/Materials/BrushMaterials/BasicFunctions/LandmassBrush_ShapeMask.uasset" 852
"../../../Engine/Plugins/Experimental/Landmass/Content/Landscape/BlueprintBrushes/Materials/Internal/BrushBounds.uexp" 853
"../../../Engine/Plugins/Experimental/Landmass/Content/Landscape/BlueprintBrushes/Materials/Internal/BrushBounds.uasset" 854
"../../../Engine/Content/EditorLandscapeResources/SplineEditorMeshMat.uasset" 855
"../../../Engine/Content/EditorLandscapeResources/SplineEditorMeshMat.uexp" 856
"../../../Engine/Content/EditorLandscapeResources/SplineEditorMesh.ubulk" 857
"../../../Engine/Content/EditorLandscapeResources/SplineEditorMesh.uexp" 858
"../../../Engine/Content/EditorLandscapeResources/SplineEditorMesh.uasset" 859
"../../../Engine/Content/EngineMaterials/WeightMapPlaceholderTexture.uasset" 860
"../../../Engine/Content/EngineMaterials/WeightMapPlaceholderTexture.uexp" 861
"../../../Engine/Content/EngineMaterials/WeightMapArrayPlaceholderTexture.uexp" 862
"../../../Engine/Content/EngineMaterials/WeightMapArrayPlaceholderTexture.uasset" 863
"../../../Engine/Content/EngineMeshes/Sphere.uasset" 864
"../../../Engine/Content/EngineMeshes/Sphere.ubulk" 865
"../../../Engine/Content/EngineMeshes/Sphere.uexp" 866
"../../../Engine/Content/BasicShapes/Cylinder.ubulk" 867
"../../../Engine/Content/BasicShapes/Cylinder.uasset" 868
"../../../Engine/Content/BasicShapes/Cylinder.uexp" 869
"../../../Engine/Content/BasicShapes/Plane.uasset" 870
"../../../Engine/Content/BasicShapes/Plane.ubulk" 871
"../../../Engine/Content/BasicShapes/Plane.uexp" 872
"../../../Engine/Content/BasicShapes/Cone.ubulk" 873
"../../../Engine/Content/BasicShapes/Cone.uexp" 874
"../../../Engine/Content/BasicShapes/Cone.uasset" 875
"../../../Engine/Plugins/Media/MediaPlate/Content/SM_MediaPlateScreen.ubulk" 876
"../../../Engine/Plugins/Media/MediaPlate/Content/SM_MediaPlateScreen.uasset" 877
"../../../Engine/Plugins/Media/MediaPlate/Content/SM_MediaPlateScreen.uexp" 878
"../../../Engine/Content/EngineMaterials/Substrate/Glints2/AGlintTex2dArray2.uexp" 879
"../../../Engine/Content/EngineMaterials/Substrate/Glints2/AGlintTex2dArray2.uasset" 880
"../../../Engine/Content/EngineMaterials/Substrate/GLints/AGlintTex2dArray.uexp" 881
"../../../Engine/Content/EngineMaterials/Substrate/GLints/AGlintTex2dArray.uasset" 882
"../../../Engine/Plugins/2D/Paper2D/Content/DefaultSpriteMaterial.uasset" 883
"../../../Engine/Plugins/2D/Paper2D/Content/DefaultSpriteMaterial.uexp" 884
"../../../Engine/Plugins/2D/Paper2D/Content/OpaqueUnlitSpriteMaterial.uasset" 885
"../../../Engine/Plugins/2D/Paper2D/Content/OpaqueUnlitSpriteMaterial.uexp" 886
"../../../Engine/Plugins/2D/Paper2D/Content/MaskedUnlitSpriteMaterial.uasset" 887
"../../../Engine/Plugins/2D/Paper2D/Content/MaskedUnlitSpriteMaterial.uexp" 888
"../../../Engine/Plugins/NNE/NNEDenoiser/Content/NNE_oidn2-3-0_rt_hdr_alb_nrm_small__dyn__fp16_opset11_DenoiseAlpha.uexp" 889
"../../../Engine/Plugins/NNE/NNEDenoiser/Content/NNE_oidn2-3-0_rt_hdr_alb_nrm_small__dyn__fp16_opset11_DenoiseAlpha.uasset" 890
"../../../Engine/Plugins/NNE/NNEDenoiser/Content/NNE_oidn2-3-0_rt_hdr_calb_cnrm_large__dyn__fp16_opset11_DenoiseAlpha.uexp" 891
"../../../Engine/Plugins/NNE/NNEDenoiser/Content/NNE_oidn2-3-0_rt_hdr_calb_cnrm_large__dyn__fp16_opset11_DenoiseAlpha.uasset" 892
"../../../Engine/Plugins/NNE/NNEDenoiser/Content/NNE_oidn2-3-0_rt_hdr_alb_nrm__dyn__fp16_opset11_DenoiseAlpha.uexp" 893
"../../../Engine/Plugins/NNE/NNEDenoiser/Content/NNE_oidn2-3-0_rt_hdr_alb_nrm__dyn__fp16_opset11_DenoiseAlpha.uasset" 894
"../../../Engine/Plugins/NNE/NNEDenoiser/Content/NNE_oidn2-3-0_rt_hdr_alb_nrm__dyn__fp16_opset11_ForwardAlpha.uasset" 895
"../../../Engine/Plugins/NNE/NNEDenoiser/Content/NNE_oidn2-3-0_rt_hdr_alb_nrm__dyn__fp16_opset11_ForwardAlpha.uexp" 896
"../../../Engine/Plugins/NNE/NNEDenoiser/Content/NNE_oidn2-3-0_rt_hdr_alb_nrm_small__dyn__fp16_opset11_ForwardAlpha.uexp" 897
"../../../Engine/Plugins/NNE/NNEDenoiser/Content/NNE_oidn2-3-0_rt_hdr_alb_nrm_small__dyn__fp16_opset11_ForwardAlpha.uasset" 898
"../../../Engine/Plugins/NNE/NNEDenoiser/Content/NNE_oidn2-3-0_rt_hdr_calb_cnrm_large__dyn__fp16_opset11_ForwardAlpha.uasset" 899
"../../../Engine/Plugins/NNE/NNEDenoiser/Content/NNE_oidn2-3-0_rt_hdr_calb_cnrm_large__dyn__fp16_opset11_ForwardAlpha.uexp" 900
"../../../Engine/Content/EngineResources/WhiteSquareTexture.uasset" 901
"../../../Engine/Content/EngineResources/WhiteSquareTexture.uexp" 902
"../../../Engine/Content/EngineMaterials/Widget3DPassThrough.uasset" 903
"../../../Engine/Content/EngineMaterials/Widget3DPassThrough.uexp" 904
"../../../Engine/Content/EngineMaterials/Widget3DPassThrough_Opaque.uexp" 905
"../../../Engine/Content/EngineMaterials/Widget3DPassThrough_Opaque.uasset" 906
"../../../Engine/Content/EngineMaterials/Widget3DPassThrough_Opaque_OneSided.uexp" 907
"../../../Engine/Content/EngineMaterials/Widget3DPassThrough_Opaque_OneSided.uasset" 908
"../../../Engine/Content/EngineMaterials/Widget3DPassThrough_Masked.uexp" 909
"../../../Engine/Content/EngineMaterials/Widget3DPassThrough_Masked.uasset" 910
"../../../Engine/Content/EngineMaterials/Widget3DPassThrough_Masked_OneSided.uasset" 911
"../../../Engine/Content/EngineMaterials/Widget3DPassThrough_Masked_OneSided.uexp" 912
"../../../Engine/Content/EngineMaterials/Widget3DPassThrough_Translucent.uasset" 913
"../../../Engine/Content/EngineMaterials/Widget3DPassThrough_Translucent.uexp" 914
"../../../Engine/Content/EngineMaterials/Widget3DPassThrough_Translucent_OneSided.uasset" 915
"../../../Engine/Content/EngineMaterials/Widget3DPassThrough_Translucent_OneSided.uexp" 916
"../../../Engine/Content/Functions/Engine_MaterialFunctions03/Math/WithinRangeFloat2.uasset" 917
"../../../Engine/Content/Functions/Engine_MaterialFunctions03/Math/WithinRangeFloat2.uexp" 918
"../../../Engine/Content/EditorLandscapeResources/SelectBrushMaterial.uexp" 919
"../../../Engine/Content/EditorLandscapeResources/SelectBrushMaterial.uasset" 920
"../../../Engine/Content/EditorLandscapeResources/SelectBrushMaterial_Selected.uexp" 921
"../../../Engine/Content/EditorLandscapeResources/SelectBrushMaterial_Selected.uasset" 922
"../../../Engine/Content/EditorLandscapeResources/ColorMaskBrushMaterial.uexp" 923
"../../../Engine/Content/EditorLandscapeResources/ColorMaskBrushMaterial.uasset" 924
"../../../Engine/Content/EditorLandscapeResources/ColorMaskBrushMaterial_MaskedRegion.uexp" 925
"../../../Engine/Content/EditorLandscapeResources/ColorMaskBrushMaterial_MaskedRegion.uasset" 926
"../../../Engine/Content/EditorLandscapeResources/SelectBrushMaterial_SelectedRegion.uasset" 927
"../../../Engine/Content/EditorLandscapeResources/SelectBrushMaterial_SelectedRegion.uexp" 928
"../../../Engine/Content/EditorLandscapeResources/MaskBrushMaterial.uasset" 929
"../../../Engine/Content/EditorLandscapeResources/MaskBrushMaterial.uexp" 930
"../../../Engine/Content/EditorLandscapeResources/MaskBrushMaterial_MaskedRegion.uasset" 931
"../../../Engine/Content/EditorLandscapeResources/MaskBrushMaterial_MaskedRegion.uexp" 932
"../../../Engine/Content/VREditor/Sounds/UI/Drop_Item_From_ContentBrowser.uexp" 933
"../../../Engine/Content/VREditor/Sounds/UI/Drop_Item_From_ContentBrowser.uasset" 934
"../../../Engine/Content/VREditor/Sounds/UI/Drop_Item_From_ContentBrowser.ubulk" 935
"../../../Engine/Content/VREditor/TransformGizmo/TransformGizmoMaterial_Inst.uexp" 936
"../../../Engine/Content/VREditor/TransformGizmo/TransformGizmoMaterial_Inst.uasset" 937
"../../../Engine/Content/VREditor/TransformGizmo/TranslucentTransformGizmoMaterial_Inst.uexp" 938
"../../../Engine/Content/VREditor/TransformGizmo/TranslucentTransformGizmoMaterial_Inst.uasset" 939
"../../../Engine/Content/VREditor/TransformGizmo/RotationHandleQuarter.ubulk" 940
"../../../Engine/Content/VREditor/TransformGizmo/RotationHandleQuarter.uexp" 941
"../../../Engine/Content/VREditor/TransformGizmo/RotationHandleQuarter.uasset" 942
"../../../Engine/Content/Functions/Engine_MaterialFunctions02/SplitComponents.uexp" 943
"../../../Engine/Content/Functions/Engine_MaterialFunctions02/SplitComponents.uasset" 944
"../../../Engine/Content/Functions/Engine_MaterialFunctions02/Math/Transform3x3Matrix.uexp" 945
"../../../Engine/Content/Functions/Engine_MaterialFunctions02/Math/Transform3x3Matrix.uasset" 946
"../../../Engine/Content/VREditor/SnapGrid/SnapGridMaterial.uexp" 947
"../../../Engine/Content/VREditor/SnapGrid/SnapGridMaterial.uasset" 948
"../../../Engine/Content/VREditor/SnapGrid/SnapGridPlaneMesh.uasset" 949
"../../../Engine/Content/VREditor/SnapGrid/SnapGridPlaneMesh.uexp" 950
"../../../Engine/Content/VREditor/SnapGrid/SnapGridPlaneMesh.ubulk" 951
"../../../Engine/Content/VREditor/Sounds/UI/Gizmo_Handle_Clicked.uexp" 952
"../../../Engine/Content/VREditor/Sounds/UI/Gizmo_Handle_Clicked.uasset" 953
"../../../Engine/Content/VREditor/Sounds/UI/Gizmo_Handle_Clicked.ubulk" 954
"../../../Engine/Content/VREditor/Sounds/UI/Object_PickUp.uasset" 955
"../../../Engine/Content/VREditor/Sounds/UI/Object_PickUp.uexp" 956
"../../../Engine/Content/VREditor/Sounds/UI/Object_PickUp.ubulk" 957
"../../../Engine/Content/VREditor/Sounds/UI/Object_Snaps_To_Another_Actor.uasset" 958
"../../../Engine/Content/VREditor/Sounds/UI/Object_Snaps_To_Another_Actor.ubulk" 959
"../../../Engine/Content/VREditor/Sounds/UI/Object_Snaps_To_Another_Actor.uexp" 960
"../../../Engine/Content/VREditor/Sounds/UI/Object_Snaps_To_Grid.uasset" 961
"../../../Engine/Content/VREditor/Sounds/UI/Object_Snaps_To_Grid.uexp" 962
"../../../Engine/Content/VREditor/Sounds/UI/Object_Snaps_To_Grid.ubulk" 963
"../../../Engine/Content/VREditor/Sounds/UI/Scaling_Down.uexp" 964
"../../../Engine/Content/VREditor/Sounds/UI/Scaling_Down.ubulk" 965
"../../../Engine/Content/VREditor/Sounds/UI/Scaling_Down.uasset" 966
"../../../Engine/Content/VREditor/Sounds/UI/Scaling_Up.ubulk" 967
"../../../Engine/Content/VREditor/Sounds/UI/Scaling_Up.uasset" 968
"../../../Engine/Content/VREditor/Sounds/UI/Scaling_Up.uexp" 969
"../../../Engine/Content/VREditor/Sounds/UI/Selection_Changes.uasset" 970
"../../../Engine/Content/VREditor/Sounds/UI/Selection_Changes.ubulk" 971
"../../../Engine/Content/VREditor/Sounds/UI/Selection_Changes.uexp" 972
"../../../Engine/Content/VREditor/TransformGizmo/PlaneTranslationHandle.uasset" 973
"../../../Engine/Content/VREditor/TransformGizmo/PlaneTranslationHandle.ubulk" 974
"../../../Engine/Content/VREditor/TransformGizmo/PlaneTranslationHandle.uexp" 975
"../../../Engine/Content/VREditor/TransformGizmo/RotationHandleFull.uasset" 976
"../../../Engine/Content/VREditor/TransformGizmo/RotationHandleFull.ubulk" 977
"../../../Engine/Content/VREditor/TransformGizmo/RotationHandleFull.uexp" 978
"../../../Engine/Content/VREditor/TransformGizmo/RotationHandleIndicator.uexp" 979
"../../../Engine/Content/VREditor/TransformGizmo/RotationHandleIndicator.uasset" 980
"../../../Engine/Content/VREditor/TransformGizmo/RotationHandleIndicator.ubulk" 981
"../../../Engine/Content/VREditor/TransformGizmo/StartRotationHandleIndicator.ubulk" 982
"../../../Engine/Content/VREditor/TransformGizmo/StartRotationHandleIndicator.uasset" 983
"../../../Engine/Content/VREditor/TransformGizmo/StartRotationHandleIndicator.uexp" 984
"../../../Engine/Content/VREditor/TransformGizmo/TransformGizmoFreeRotation.ubulk" 985
"../../../Engine/Content/VREditor/TransformGizmo/TransformGizmoFreeRotation.uexp" 986
"../../../Engine/Content/VREditor/TransformGizmo/TransformGizmoFreeRotation.uasset" 987
"../../../Engine/Content/VREditor/TransformGizmo/TranslateArrowHandle.ubulk" 988
"../../../Engine/Content/VREditor/TransformGizmo/TranslateArrowHandle.uasset" 989
"../../../Engine/Content/VREditor/TransformGizmo/TranslateArrowHandle.uexp" 990
"../../../Engine/Content/VREditor/TransformGizmo/UniformScaleHandle.uasset" 991
"../../../Engine/Content/VREditor/TransformGizmo/UniformScaleHandle.uexp" 992
"../../../Engine/Content/VREditor/TransformGizmo/UniformScaleHandle.ubulk" 993
"../../../Engine/Content/EngineResources/LandscapeVisibilityLayerInfo.uexp" 994
"../../../Engine/Content/EngineResources/LandscapeVisibilityLayerInfo.uasset" 995
"../../../Engine/Content/Functions/Engine_MaterialFunctions01/Texturing/FlattenNormal.uasset" 996
"../../../Engine/Content/Functions/Engine_MaterialFunctions01/Texturing/FlattenNormal.uexp" 997
"../../../Engine/Plugins/Interchange/Assets/Content/Utilities/New_LUT.uasset" 998
"../../../Engine/Plugins/Interchange/Assets/Content/Utilities/New_LUT.uexp" 999
"../../../Engine/Content/Functions/Engine_MaterialFunctions03/Math/RemapValueRange.uexp" 1000
"../../../Engine/Content/Functions/Engine_MaterialFunctions03/Math/RemapValueRange.uasset" 1001
"../../../Engine/Plugins/Interchange/Assets/Content/Functions/MF_Iridescence.uexp" 1002
"../../../Engine/Plugins/Interchange/Assets/Content/Functions/MF_Iridescence.uasset" 1003
"../../../Engine/Plugins/Interchange/Assets/Content/gltf/Textures/T_White_srgb.uexp" 1004
"../../../Engine/Plugins/Interchange/Assets/Content/gltf/Textures/T_White_srgb.uasset" 1005
"../../../Engine/Plugins/Interchange/Assets/Content/gltf/MaterialFunctions/MF_BaseColor.uasset" 1006
"../../../Engine/Plugins/Interchange/Assets/Content/gltf/MaterialFunctions/MF_BaseColor.uexp" 1007
"../../../Engine/Plugins/Interchange/Assets/Content/gltf/MaterialFunctions/MF_RotateV2.uasset" 1008
"../../../Engine/Plugins/Interchange/Assets/Content/gltf/MaterialFunctions/MF_RotateV2.uexp" 1009
"../../../Engine/Plugins/Interchange/Assets/Content/gltf/MaterialFunctions/MF_TransformUVs.uexp" 1010
"../../../Engine/Plugins/Interchange/Assets/Content/gltf/MaterialFunctions/MF_TransformUVs.uasset" 1011
"../../../Engine/Plugins/Interchange/Assets/Content/gltf/MaterialFunctions/MF_Emissive.uasset" 1012
"../../../Engine/Plugins/Interchange/Assets/Content/gltf/MaterialFunctions/MF_Emissive.uexp" 1013
"../../../Engine/Plugins/Interchange/Assets/Content/gltf/MaterialFunctions/MF_IOR.uasset" 1014
"../../../Engine/Plugins/Interchange/Assets/Content/gltf/MaterialFunctions/MF_IOR.uexp" 1015
"../../../Engine/Plugins/Interchange/Assets/Content/gltf/MaterialFunctions/MF_Iridescence.uexp" 1016
"../../../Engine/Plugins/Interchange/Assets/Content/gltf/MaterialFunctions/MF_Iridescence.uasset" 1017
"../../../Engine/Plugins/Interchange/Assets/Content/gltf/Textures/T_White_Linear.uasset" 1018
"../../../Engine/Plugins/Interchange/Assets/Content/gltf/Textures/T_White_Linear.uexp" 1019
"../../../Engine/Plugins/Interchange/Assets/Content/gltf/MaterialFunctions/MF_MetallicRoughness.uexp" 1020
"../../../Engine/Plugins/Interchange/Assets/Content/gltf/MaterialFunctions/MF_MetallicRoughness.uasset" 1021
"../../../Engine/Plugins/Interchange/Assets/Content/gltf/MaterialFunctions/MF_RotateNormals_TS.uexp" 1022
"../../../Engine/Plugins/Interchange/Assets/Content/gltf/MaterialFunctions/MF_RotateNormals_TS.uasset" 1023
"../../../Engine/Plugins/Interchange/Assets/Content/gltf/MaterialFunctions/MF_ScaleNormal.uasset" 1024
"../../../Engine/Plugins/Interchange/Assets/Content/gltf/MaterialFunctions/MF_ScaleNormal.uexp" 1025
"../../../Engine/Plugins/Interchange/Assets/Content/gltf/Textures/T_Generic_N.uasset" 1026
"../../../Engine/Plugins/Interchange/Assets/Content/gltf/Textures/T_Generic_N.uexp" 1027
"../../../Engine/Plugins/Interchange/Assets/Content/gltf/MaterialFunctions/MF_Normals.uexp" 1028
"../../../Engine/Plugins/Interchange/Assets/Content/gltf/MaterialFunctions/MF_Normals.uasset" 1029
"../../../Engine/Plugins/Interchange/Assets/Content/gltf/MaterialFunctions/MF_Occlusion.uasset" 1030
"../../../Engine/Plugins/Interchange/Assets/Content/gltf/MaterialFunctions/MF_Occlusion.uexp" 1031
"../../../Engine/Plugins/Interchange/Assets/Content/gltf/MaterialFunctions/MF_Specular.uasset" 1032
"../../../Engine/Plugins/Interchange/Assets/Content/gltf/MaterialFunctions/MF_Specular.uexp" 1033
"../../../Engine/Plugins/Interchange/Assets/Content/gltf/Textures/T_Anisotropy_Direction_Linear.uasset" 1034
"../../../Engine/Plugins/Interchange/Assets/Content/gltf/Textures/T_Anisotropy_Direction_Linear.uexp" 1035
"../../../Engine/Plugins/Interchange/Assets/Content/gltf/MaterialFunctions/MF_SpecularAnisotropy.uasset" 1036
"../../../Engine/Plugins/Interchange/Assets/Content/gltf/MaterialFunctions/MF_SpecularAnisotropy.uexp" 1037
"../../../Engine/Plugins/Interchange/Assets/Content/gltf/MaterialFunctions/MF_Clearcoat.uasset" 1038
"../../../Engine/Plugins/Interchange/Assets/Content/gltf/MaterialFunctions/MF_Clearcoat.uexp" 1039
"../../../Engine/Plugins/Interchange/Assets/Content/gltf/MaterialBodies/MF_ClearCoat_Body.uasset" 1040
"../../../Engine/Plugins/Interchange/Assets/Content/gltf/MaterialBodies/MF_ClearCoat_Body.uexp" 1041
"../../../Engine/Plugins/Interchange/Assets/Content/gltf/M_ClearCoat.uasset" 1042
"../../../Engine/Plugins/Interchange/Assets/Content/gltf/M_ClearCoat.uexp" 1043
"../../../Engine/Plugins/Interchange/Assets/Content/gltf/MaterialInstances/MI_ClearCoat_Opaque.uexp" 1044
"../../../Engine/Plugins/Interchange/Assets/Content/gltf/MaterialInstances/MI_ClearCoat_Opaque.uasset" 1045
"../../../Engine/Plugins/Interchange/Assets/Content/gltf/MaterialBodies/MF_Unlit_Body.uexp" 1046
"../../../Engine/Plugins/Interchange/Assets/Content/gltf/MaterialBodies/MF_Unlit_Body.uasset" 1047
"../../../Engine/Plugins/Interchange/Assets/Content/gltf/M_Unlit.uasset" 1048
"../../../Engine/Plugins/Interchange/Assets/Content/gltf/M_Unlit.uexp" 1049
"../../../Engine/Plugins/Interchange/Assets/Content/gltf/MaterialInstances/MI_Unlit_Blend_DS.uexp" 1050
"../../../Engine/Plugins/Interchange/Assets/Content/gltf/MaterialInstances/MI_Unlit_Blend_DS.uasset" 1051
"../../../Engine/Plugins/Interchange/Assets/Content/gltf/MaterialFunctions/MF_Sheen.uasset" 1052
"../../../Engine/Plugins/Interchange/Assets/Content/gltf/MaterialFunctions/MF_Sheen.uexp" 1053
"../../../Engine/Plugins/Interchange/Assets/Content/gltf/MaterialBodies/MF_Sheen_Body.uasset" 1054
"../../../Engine/Plugins/Interchange/Assets/Content/gltf/MaterialBodies/MF_Sheen_Body.uexp" 1055
"../../../Engine/Plugins/Interchange/Assets/Content/gltf/M_Sheen.uexp" 1056
"../../../Engine/Plugins/Interchange/Assets/Content/gltf/M_Sheen.uasset" 1057
"../../../Engine/Plugins/Interchange/Assets/Content/gltf/MaterialInstances/MI_Sheen_Mask_DS.uexp" 1058
"../../../Engine/Plugins/Interchange/Assets/Content/gltf/MaterialInstances/MI_Sheen_Mask_DS.uasset" 1059
"../../../Engine/Plugins/Interchange/Assets/Content/gltf/MaterialInstances/MI_ClearCoat_Mask.uexp" 1060
"../../../Engine/Plugins/Interchange/Assets/Content/gltf/MaterialInstances/MI_ClearCoat_Mask.uasset" 1061
"../../../Engine/Plugins/Interchange/Assets/Content/gltf/MaterialFunctions/MF_DiffuseSpecGloss.uexp" 1062
"../../../Engine/Plugins/Interchange/Assets/Content/gltf/MaterialFunctions/MF_DiffuseSpecGloss.uasset" 1063
"../../../Engine/Plugins/Interchange/Assets/Content/gltf/MaterialFunctions/MF_MaxComponentValue.uexp" 1064
"../../../Engine/Plugins/Interchange/Assets/Content/gltf/MaterialFunctions/MF_MaxComponentValue.uasset" 1065
"../../../Engine/Content/Functions/Engine_MaterialFunctions02/Math/AddComponents.uasset" 1066
"../../../Engine/Content/Functions/Engine_MaterialFunctions02/Math/AddComponents.uexp" 1067
"../../../Engine/Plugins/Interchange/Assets/Content/gltf/MaterialFunctions/MF_PerceivedBrightness.uasset" 1068
"../../../Engine/Plugins/Interchange/Assets/Content/gltf/MaterialFunctions/MF_PerceivedBrightness.uexp" 1069
"../../../Engine/Plugins/Interchange/Assets/Content/gltf/MaterialFunctions/MF_SpecGlossToMetalRoughness.uasset" 1070
"../../../Engine/Plugins/Interchange/Assets/Content/gltf/MaterialFunctions/MF_SpecGlossToMetalRoughness.uexp" 1071
"../../../Engine/Plugins/Interchange/Assets/Content/gltf/MaterialBodies/MF_SpecularGlossiness_Body.uasset" 1072
"../../../Engine/Plugins/Interchange/Assets/Content/gltf/MaterialBodies/MF_SpecularGlossiness_Body.uexp" 1073
"../../../Engine/Plugins/Interchange/Assets/Content/gltf/M_SpecularGlossiness.uasset" 1074
"../../../Engine/Plugins/Interchange/Assets/Content/gltf/M_SpecularGlossiness.uexp" 1075
"../../../Engine/Plugins/Interchange/Assets/Content/gltf/MaterialInstances/MI_SpecularGlossiness_Opaque.uexp" 1076
"../../../Engine/Plugins/Interchange/Assets/Content/gltf/MaterialInstances/MI_SpecularGlossiness_Opaque.uasset" 1077
"../../../Engine/Plugins/Interchange/Assets/Content/gltf/MaterialInstances/MI_Sheen_Blend.uexp" 1078
"../../../Engine/Plugins/Interchange/Assets/Content/gltf/MaterialInstances/MI_Sheen_Blend.uasset" 1079
"../../../Engine/Plugins/Interchange/Assets/Content/gltf/MaterialInstances/MI_Unlit_Opaque.uexp" 1080
"../../../Engine/Plugins/Interchange/Assets/Content/gltf/MaterialInstances/MI_Unlit_Opaque.uasset" 1081
"../../../Engine/Plugins/Interchange/Assets/Content/gltf/MaterialInstances/MI_ClearCoat_Blend.uexp" 1082
"../../../Engine/Plugins/Interchange/Assets/Content/gltf/MaterialInstances/MI_ClearCoat_Blend.uasset" 1083
"../../../Engine/Plugins/Interchange/Assets/Content/gltf/MaterialInstances/MI_SpecularGlossiness_Opaque_DS.uexp" 1084
"../../../Engine/Plugins/Interchange/Assets/Content/gltf/MaterialInstances/MI_SpecularGlossiness_Opaque_DS.uasset" 1085
"../../../Engine/Plugins/Interchange/Assets/Content/gltf/MaterialBodies/MF_Default_Body.uasset" 1086
"../../../Engine/Plugins/Interchange/Assets/Content/gltf/MaterialBodies/MF_Default_Body.uexp" 1087
"../../../Engine/Plugins/Interchange/Assets/Content/gltf/M_Default.uasset" 1088
"../../../Engine/Plugins/Interchange/Assets/Content/gltf/M_Default.uexp" 1089
"../../../Engine/Plugins/Interchange/Assets/Content/gltf/MaterialInstances/MI_Default_Opaque_DS.uexp" 1090
"../../../Engine/Plugins/Interchange/Assets/Content/gltf/MaterialInstances/MI_Default_Opaque_DS.uasset" 1091
"../../../Engine/Plugins/Interchange/Assets/Content/gltf/MaterialInstances/MI_Default_Blend.uexp" 1092
"../../../Engine/Plugins/Interchange/Assets/Content/gltf/MaterialInstances/MI_Default_Blend.uasset" 1093
"../../../Engine/Plugins/Interchange/Assets/Content/gltf/MaterialInstances/MI_SpecularGlossiness_Mask.uexp" 1094
"../../../Engine/Plugins/Interchange/Assets/Content/gltf/MaterialInstances/MI_SpecularGlossiness_Mask.uasset" 1095
"../../../Engine/Plugins/Interchange/Assets/Content/gltf/MaterialInstances/MI_SpecularGlossiness_Blend_DS.uasset" 1096
"../../../Engine/Plugins/Interchange/Assets/Content/gltf/MaterialInstances/MI_SpecularGlossiness_Blend_DS.uexp" 1097
"../../../Engine/Plugins/Interchange/Assets/Content/gltf/MaterialInstances/MI_ClearCoat_Opaque_DS.uexp" 1098
"../../../Engine/Plugins/Interchange/Assets/Content/gltf/MaterialInstances/MI_ClearCoat_Opaque_DS.uasset" 1099
"../../../Engine/Plugins/Interchange/Assets/Content/gltf/MaterialInstances/MI_ClearCoat_Mask_DS.uexp" 1100
"../../../Engine/Plugins/Interchange/Assets/Content/gltf/MaterialInstances/MI_ClearCoat_Mask_DS.uasset" 1101
"../../../Engine/Content/EngineMaterials/Good64x64TilingNoiseHighFreq.uasset" 1102
"../../../Engine/Content/EngineMaterials/Good64x64TilingNoiseHighFreq.uexp" 1103
"../../../Engine/Content/Functions/Engine_MaterialFunctions02/Texturing/ScreenAlignedPixelToPixelUVs.uexp" 1104
"../../../Engine/Content/Functions/Engine_MaterialFunctions02/Texturing/ScreenAlignedPixelToPixelUVs.uasset" 1105
"../../../Engine/Plugins/Interchange/Assets/Content/gltf/MaterialFunctions/MF_Fresnel_DS.uasset" 1106
"../../../Engine/Plugins/Interchange/Assets/Content/gltf/MaterialFunctions/MF_Fresnel_DS.uexp" 1107
"../../../Engine/Plugins/Interchange/Assets/Content/gltf/MaterialFunctions/MF_Temporal_Blur.uasset" 1108
"../../../Engine/Plugins/Interchange/Assets/Content/gltf/MaterialFunctions/MF_Temporal_Blur.uexp" 1109
"../../../Engine/Plugins/Interchange/Assets/Content/gltf/MaterialFunctions/MF_Transmission.uasset" 1110
"../../../Engine/Plugins/Interchange/Assets/Content/gltf/MaterialFunctions/MF_Transmission.uexp" 1111
"../../../Engine/Plugins/Interchange/Assets/Content/gltf/MaterialBodies/MF_Transmission_Body.uasset" 1112
"../../../Engine/Plugins/Interchange/Assets/Content/gltf/MaterialBodies/MF_Transmission_Body.uexp" 1113
"../../../Engine/Plugins/Interchange/Assets/Content/gltf/M_Transmission.uasset" 1114
"../../../Engine/Plugins/Interchange/Assets/Content/gltf/M_Transmission.uexp" 1115
"../../../Engine/Plugins/Interchange/Assets/Content/gltf/MaterialInstances/MI_Transmission_DS.uexp" 1116
"../../../Engine/Plugins/Interchange/Assets/Content/gltf/MaterialInstances/MI_Transmission_DS.uasset" 1117
"../../../Engine/Plugins/Interchange/Assets/Content/gltf/MaterialInstances/MI_Default_Blend_DS.uasset" 1118
"../../../Engine/Plugins/Interchange/Assets/Content/gltf/MaterialInstances/MI_Default_Blend_DS.uexp" 1119
"../../../Engine/Plugins/Interchange/Assets/Content/gltf/MaterialInstances/MI_Unlit_Opaque_DS.uexp" 1120
"../../../Engine/Plugins/Interchange/Assets/Content/gltf/MaterialInstances/MI_Unlit_Opaque_DS.uasset" 1121
"../../../Engine/Plugins/Interchange/Assets/Content/gltf/MaterialInstances/MI_Sheen_Blend_DS.uexp" 1122
"../../../Engine/Plugins/Interchange/Assets/Content/gltf/MaterialInstances/MI_Sheen_Blend_DS.uasset" 1123
"../../../Engine/Plugins/Interchange/Assets/Content/gltf/MaterialInstances/MI_Unlit_Mask_DS.uasset" 1124
"../../../Engine/Plugins/Interchange/Assets/Content/gltf/MaterialInstances/MI_Unlit_Mask_DS.uexp" 1125
"../../../Engine/Plugins/Interchange/Assets/Content/gltf/MaterialInstances/MI_SpecularGlossiness_Mask_DS.uasset" 1126
"../../../Engine/Plugins/Interchange/Assets/Content/gltf/MaterialInstances/MI_SpecularGlossiness_Mask_DS.uexp" 1127
"../../../Engine/Plugins/Interchange/Assets/Content/gltf/MaterialInstances/MI_Unlit_Mask.uasset" 1128
"../../../Engine/Plugins/Interchange/Assets/Content/gltf/MaterialInstances/MI_Unlit_Mask.uexp" 1129
"../../../Engine/Plugins/Interchange/Assets/Content/gltf/MaterialInstances/MI_Sheen_Opaque.uasset" 1130
"../../../Engine/Plugins/Interchange/Assets/Content/gltf/MaterialInstances/MI_Sheen_Opaque.uexp" 1131
"../../../Engine/Plugins/Interchange/Assets/Content/gltf/MaterialInstances/MI_Sheen_Mask.uasset" 1132
"../../../Engine/Plugins/Interchange/Assets/Content/gltf/MaterialInstances/MI_Sheen_Mask.uexp" 1133
"../../../Engine/Plugins/Interchange/Assets/Content/gltf/MaterialInstances/MI_ClearCoat_Blend_DS.uasset" 1134
"../../../Engine/Plugins/Interchange/Assets/Content/gltf/MaterialInstances/MI_ClearCoat_Blend_DS.uexp" 1135
"../../../Engine/Plugins/Interchange/Assets/Content/gltf/MaterialInstances/MI_SpecularGlossiness_Blend.uasset" 1136
"../../../Engine/Plugins/Interchange/Assets/Content/gltf/MaterialInstances/MI_SpecularGlossiness_Blend.uexp" 1137
"../../../Engine/Plugins/Interchange/Assets/Content/gltf/MaterialInstances/MI_Default_Opaque.uasset" 1138
"../../../Engine/Plugins/Interchange/Assets/Content/gltf/MaterialInstances/MI_Default_Opaque.uexp" 1139
"../../../Engine/Plugins/Interchange/Assets/Content/gltf/MaterialInstances/MI_Sheen_Opaque_DS.uasset" 1140
"../../../Engine/Plugins/Interchange/Assets/Content/gltf/MaterialInstances/MI_Sheen_Opaque_DS.uexp" 1141
"../../../Engine/Plugins/Interchange/Assets/Content/gltf/MaterialInstances/MI_Default_Mask.uasset" 1142
"../../../Engine/Plugins/Interchange/Assets/Content/gltf/MaterialInstances/MI_Default_Mask.uexp" 1143
"../../../Engine/Plugins/Interchange/Assets/Content/gltf/MaterialInstances/MI_Default_Mask_DS.uasset" 1144
"../../../Engine/Plugins/Interchange/Assets/Content/gltf/MaterialInstances/MI_Default_Mask_DS.uexp" 1145
"../../../Engine/Plugins/Interchange/Assets/Content/gltf/MaterialInstances/MI_Transmission.uasset" 1146
"../../../Engine/Plugins/Interchange/Assets/Content/gltf/MaterialInstances/MI_Transmission.uexp" 1147
"../../../Engine/Plugins/Interchange/Assets/Content/gltf/MaterialInstances/MI_Unlit_Blend.uasset" 1148
"../../../Engine/Plugins/Interchange/Assets/Content/gltf/MaterialInstances/MI_Unlit_Blend.uexp" 1149
"../../../Engine/Content/EngineMaterials/Substrate/Volume/SubstrateSimpleVolumeEnvLUT3D.uasset" 1150
"../../../Engine/Content/EngineMaterials/Substrate/Volume/SubstrateSimpleVolumeEnvLUT3D.uexp" 1151
"../../../Engine/Content/EngineMaterials/Substrate/Volume/SubstrateSimpleVolumeLUT3D.uasset" 1152
"../../../Engine/Content/EngineMaterials/Substrate/Volume/SubstrateSimpleVolumeLUT3D.uexp" 1153
"../../../Engine/Plugins/NNE/NNEDenoiser/Content/NNED_Oidn2-3_HighQuality_Alpha.uexp" 1154
"../../../Engine/Plugins/NNE/NNEDenoiser/Content/NNED_Oidn2-3_HighQuality_Alpha.uasset" 1155
"../../../Engine/Plugins/NNE/NNEDenoiser/Content/NNED_Oidn2-3_HighQuality.uasset" 1156
"../../../Engine/Plugins/NNE/NNEDenoiser/Content/NNED_Oidn2-3_HighQuality.uexp" 1157
"../../../Engine/Plugins/NNE/NNEDenoiser/Content/NNED_Oidn2-3_Fast_Alpha.uexp" 1158
"../../../Engine/Plugins/NNE/NNEDenoiser/Content/NNED_Oidn2-3_Fast_Alpha.uasset" 1159
"../../../Engine/Plugins/NNE/NNEDenoiser/Content/NNEDT_Oidn2-3_Balanced_Alpha.uasset" 1160
"../../../Engine/Plugins/NNE/NNEDenoiser/Content/NNEDT_Oidn2-3_Balanced_Alpha.uexp" 1161
"../../../Engine/Plugins/NNE/NNEDenoiser/Content/NNED_Oidn2-3_Balanced_Alpha.uasset" 1162
"../../../Engine/Plugins/NNE/NNEDenoiser/Content/NNED_Oidn2-3_Balanced_Alpha.uexp" 1163
"../../../Engine/Plugins/NNE/NNEDenoiser/Content/NNED_Oidn2-3_Balanced.uexp" 1164
"../../../Engine/Plugins/NNE/NNEDenoiser/Content/NNED_Oidn2-3_Balanced.uasset" 1165
"../../../Engine/Plugins/NNE/NNEDenoiser/Content/NNEDT_Oidn2-3_Balanced.uexp" 1166
"../../../Engine/Plugins/NNE/NNEDenoiser/Content/NNEDT_Oidn2-3_Balanced.uasset" 1167
"../../../Engine/Plugins/NNE/NNEDenoiser/Content/NNED_Oidn2-3_Fast.uasset" 1168
"../../../Engine/Plugins/NNE/NNEDenoiser/Content/NNED_Oidn2-3_Fast.uexp" 1169
"../../../Engine/Plugins/Animation/DeformerGraph/Content/DeformerFunctions/DG_Function_LinearBlendSkin_Morph_Cloth.uexp" 1170
"../../../Engine/Plugins/Animation/DeformerGraph/Content/DeformerFunctions/DG_Function_LinearBlendSkin_Morph_Cloth.uasset" 1171
"../../../Engine/Plugins/Animation/DeformerGraph/Content/Deformers/DG_LinearBlendSkin_Morph_Cloth.uexp" 1172
"../../../Engine/Plugins/Animation/DeformerGraph/Content/Deformers/DG_LinearBlendSkin_Morph_Cloth.uasset" 1173
"../../../Engine/Plugins/Animation/DeformerGraph/Content/DeformerFunctions/DG_Function_LinearBlendSkin_Morph_Cloth_PositionOnly.uexp" 1174
"../../../Engine/Plugins/Animation/DeformerGraph/Content/DeformerFunctions/DG_Function_LinearBlendSkin_Morph_Cloth_PositionOnly.uasset" 1175
"../../../Engine/Plugins/Animation/DeformerGraph/Content/DeformerFunctions/DG_Function_ComputeNormalsTangents.uasset" 1176
"../../../Engine/Plugins/Animation/DeformerGraph/Content/DeformerFunctions/DG_Function_ComputeNormalsTangents.uexp" 1177
"../../../Engine/Plugins/Animation/DeformerGraph/Content/Deformers/DG_LinearBlendSkin_Morph_Cloth_RecomputeNormals.uexp" 1178
"../../../Engine/Plugins/Animation/DeformerGraph/Content/Deformers/DG_LinearBlendSkin_Morph_Cloth_RecomputeNormals.uasset" 1179
"/home/evelyn/Documents/Unreal Projects/Bramble64/Content/Characters/Bramble/IMC_Default1.uexp" 1180
"/home/evelyn/Documents/Unreal Projects/Bramble64/Content/Characters/Bramble/IMC_Default1.uasset" 1181
"../../../Engine/Content/Maps/Entry_BuiltData.uasset" 1182
"../../../Engine/Content/Maps/Entry_BuiltData.uexp" 1183
"../../../Engine/Content/Maps/Entry.umap" 1184
"../../../Engine/Content/Maps/Entry.uexp" 1185
"/home/evelyn/Documents/Unreal Projects/Bramble64/Content/Blueprints/WB_Timer.uexp" 1186
"/home/evelyn/Documents/Unreal Projects/Bramble64/Content/Blueprints/WB_Timer.uasset" 1187
"/home/evelyn/Documents/Unreal Projects/Bramble64/Content/VFX/Teleporter/T_Voronoi.uasset" 1188
"/home/evelyn/Documents/Unreal Projects/Bramble64/Content/VFX/Teleporter/T_Voronoi.uexp" 1189
"../../../Engine/Content/Functions/Engine_MaterialFunctions02/Utility/AppendMany.uasset" 1190
"../../../Engine/Content/Functions/Engine_MaterialFunctions02/Utility/AppendMany.uexp" 1191
"/home/evelyn/Documents/Unreal Projects/Bramble64/Content/VFX/Teleporter/M_Voronoi.uexp" 1192
"/home/evelyn/Documents/Unreal Projects/Bramble64/Content/VFX/Teleporter/M_Voronoi.uasset" 1193
"/home/evelyn/Documents/Unreal Projects/Bramble64/Content/VFX/Teleporter/MI_TeleporterColumnVoronoi.uexp" 1194
"/home/evelyn/Documents/Unreal Projects/Bramble64/Content/VFX/Teleporter/MI_TeleporterColumnVoronoi.uasset" 1195
"/home/evelyn/Documents/Unreal Projects/Bramble64/Content/VFX/Teleporter/LightColumn.ubulk" 1196
"/home/evelyn/Documents/Unreal Projects/Bramble64/Content/VFX/Teleporter/LightColumn.uexp" 1197
"/home/evelyn/Documents/Unreal Projects/Bramble64/Content/VFX/Teleporter/LightColumn.uasset" 1198
"/home/evelyn/Documents/Unreal Projects/Bramble64/Content/VFX/Teleporter/M_Fresnel.uasset" 1199
"/home/evelyn/Documents/Unreal Projects/Bramble64/Content/VFX/Teleporter/M_Fresnel.uexp" 1200
"/home/evelyn/Documents/Unreal Projects/Bramble64/Content/VFX/Teleporter/MI_TeleporterColumnFresnel.uexp" 1201
"/home/evelyn/Documents/Unreal Projects/Bramble64/Content/VFX/Teleporter/MI_TeleporterColumnFresnel.uasset" 1202
"../../../Engine/Plugins/FX/Niagara/Content/VectorFields/Assets/TilingCurl32.uasset" 1203
"../../../Engine/Plugins/FX/Niagara/Content/VectorFields/Assets/TilingCurl32.uexp" 1204
"../../../Engine/Plugins/FX/Niagara/Content/DefaultAssets/DefaultSpriteMaterial.uasset" 1205
"../../../Engine/Plugins/FX/Niagara/Content/DefaultAssets/DefaultSpriteMaterial.uexp" 1206
"../../../Engine/Plugins/FX/Niagara/Content/DefaultAssets/DefaultRIbbonMaterial.uasset" 1207
"../../../Engine/Plugins/FX/Niagara/Content/DefaultAssets/DefaultRIbbonMaterial.uexp" 1208
"../../../Engine/Plugins/FX/Niagara/Content/DefaultAssets/M_Gnomon_Alpha.uasset" 1209
"../../../Engine/Plugins/FX/Niagara/Content/DefaultAssets/M_Gnomon_Alpha.uexp" 1210
"/home/evelyn/Documents/Unreal Projects/Bramble64/Content/VFX/Teleporter/NS_TeleporterBeam.uasset" 1211
"/home/evelyn/Documents/Unreal Projects/Bramble64/Content/VFX/Teleporter/NS_TeleporterBeam.uexp" 1212
"/home/evelyn/Documents/Unreal Projects/Bramble64/Content/Blueprints/WB_FadeIn.uexp" 1213
"/home/evelyn/Documents/Unreal Projects/Bramble64/Content/Blueprints/WB_FadeIn.uasset" 1214
"/home/evelyn/Documents/Unreal Projects/Bramble64/Content/Blueprints/WB_FadeOut.uasset" 1215
"/home/evelyn/Documents/Unreal Projects/Bramble64/Content/Blueprints/WB_FadeOut.uexp" 1216
"/home/evelyn/Documents/Unreal Projects/Bramble64/Content/Audio/SFX/TeleporterSend.ubulk" 1217
"/home/evelyn/Documents/Unreal Projects/Bramble64/Content/Audio/SFX/TeleporterSend.uasset" 1218
"/home/evelyn/Documents/Unreal Projects/Bramble64/Content/Audio/SFX/TeleporterSend.uexp" 1219
"/home/evelyn/Documents/Unreal Projects/Bramble64/Content/Audio/SFX/TeleporterAmbient.uexp" 1220
"/home/evelyn/Documents/Unreal Projects/Bramble64/Content/Audio/SFX/TeleporterAmbient.uasset" 1221
"/home/evelyn/Documents/Unreal Projects/Bramble64/Content/Audio/SFX/TeleporterAmbient.ubulk" 1222
"/home/evelyn/Documents/Unreal Projects/Bramble64/Content/Audio/SFX/TeleporterReceive.ubulk" 1223
"/home/evelyn/Documents/Unreal Projects/Bramble64/Content/Audio/SFX/TeleporterReceive.uasset" 1224
"/home/evelyn/Documents/Unreal Projects/Bramble64/Content/Audio/SFX/TeleporterReceive.uexp" 1225
"/home/evelyn/Documents/Unreal Projects/Bramble64/Content/VFX/Teleporter/M_Teleporter_Body.uexp" 1226
"/home/evelyn/Documents/Unreal Projects/Bramble64/Content/VFX/Teleporter/M_Teleporter_Body.uasset" 1227
"../../../Engine/Content/Functions/Engine_MaterialFunctions02/HueShift.uexp" 1228
"../../../Engine/Content/Functions/Engine_MaterialFunctions02/HueShift.uasset" 1229
"../../../Engine/Content/Functions/Engine_MaterialFunctions01/Density/ExponentialDensity.uexp" 1230
"../../../Engine/Content/Functions/Engine_MaterialFunctions01/Density/ExponentialDensity.uasset" 1231
"../../../Engine/Content/Functions/Engine_MaterialFunctions01/Gradient/RadialGradientExponential.uasset" 1232
"../../../Engine/Content/Functions/Engine_MaterialFunctions01/Gradient/RadialGradientExponential.uexp" 1233
"../../../Engine/Content/Functions/Engine_MaterialFunctions02/Utility/Sine_Remapped.uasset" 1234
"../../../Engine/Content/Functions/Engine_MaterialFunctions02/Utility/Sine_Remapped.uexp" 1235
"/home/evelyn/Documents/Unreal Projects/Bramble64/Content/VFX/Teleporter/M_Teleporter_Effect.uasset" 1236
"/home/evelyn/Documents/Unreal Projects/Bramble64/Content/VFX/Teleporter/M_Teleporter_Effect.uexp" 1237
"/home/evelyn/Documents/Unreal Projects/Bramble64/Content/VFX/Teleporter/Teleporter.uexp" 1238
"/home/evelyn/Documents/Unreal Projects/Bramble64/Content/VFX/Teleporter/Teleporter.uasset" 1239
"/home/evelyn/Documents/Unreal Projects/Bramble64/Content/VFX/Teleporter/Teleporter.ubulk" 1240
"/home/evelyn/Documents/Unreal Projects/Bramble64/Content/Blueprints/BP_Teleporter.uexp" 1241
"/home/evelyn/Documents/Unreal Projects/Bramble64/Content/Blueprints/BP_Teleporter.uasset" 1242
"/home/evelyn/Documents/Unreal Projects/Bramble64/Content/Blueprints/BP_LevelEnd.uexp" 1243
"/home/evelyn/Documents/Unreal Projects/Bramble64/Content/Blueprints/BP_LevelEnd.uasset" 1244
"../../../Engine/Content/EngineSky/VolumetricClouds/VT_PerlinWorley_Balanced.uexp" 1245
"../../../Engine/Content/EngineSky/VolumetricClouds/VT_PerlinWorley_Balanced.uasset" 1246
"../../../Engine/Content/EngineSky/VolumetricClouds/T_CloudMask.ubulk" 1247
"../../../Engine/Content/EngineSky/VolumetricClouds/T_CloudMask.uexp" 1248
"../../../Engine/Content/EngineSky/VolumetricClouds/T_CloudMask.uasset" 1249
"../../../Engine/Content/Functions/Engine_MaterialFunctions02/Utility/BreakOutFloat4Components.uasset" 1250
"../../../Engine/Content/Functions/Engine_MaterialFunctions02/Utility/BreakOutFloat4Components.uexp" 1251
"../../../Engine/Content/Functions/Engine_MaterialFunctions02/Utility/MakeFloat4.uasset" 1252
"../../../Engine/Content/Functions/Engine_MaterialFunctions02/Utility/MakeFloat4.uexp" 1253
"../../../Engine/Content/EngineResources/DefaultVolumeTexture2D.uexp" 1254
"../../../Engine/Content/EngineResources/DefaultVolumeTexture2D.uasset" 1255
"../../../Engine/Content/EngineResources/DefaultVolumeTexture.uasset" 1256
"../../../Engine/Content/EngineResources/DefaultVolumeTexture.uexp" 1257
"../../../Engine/Content/EngineSky/VolumetricClouds/VT_Lightning.uexp" 1258
"../../../Engine/Content/EngineSky/VolumetricClouds/VT_Lightning.uasset" 1259
"../../../Engine/Content/Functions/Engine_MaterialFunctions01/Units/Km-to-Cm.uasset" 1260
"../../../Engine/Content/Functions/Engine_MaterialFunctions01/Units/Km-to-Cm.uexp" 1261
"../../../Engine/Content/EngineSky/VolumetricClouds/m_SimpleVolumetricCloud.uexp" 1262
"../../../Engine/Content/EngineSky/VolumetricClouds/m_SimpleVolumetricCloud.uasset" 1263
"../../../Engine/Content/EngineSky/VolumetricClouds/T_CloudPattern.ubulk" 1264
"../../../Engine/Content/EngineSky/VolumetricClouds/T_CloudPattern.uexp" 1265
"../../../Engine/Content/EngineSky/VolumetricClouds/T_CloudPattern.uasset" 1266
"../../../Engine/Content/EngineSky/VolumetricClouds/T_Profile_08.uexp" 1267
"../../../Engine/Content/EngineSky/VolumetricClouds/T_Profile_08.uasset" 1268
"../../../Engine/Content/EngineSky/VolumetricClouds/T_Profile_08.ubulk" 1269
"/home/evelyn/Documents/Unreal Projects/Bramble64/Content/Levels/LushHeights/m_SimpleVolumetricCloud_Inst.uasset" 1270
"/home/evelyn/Documents/Unreal Projects/Bramble64/Content/Levels/LushHeights/m_SimpleVolumetricCloud_Inst.uexp" 1271
"/home/evelyn/Documents/Unreal Projects/Bramble64/Content/Levels/LushHeights/Props/T_BridgeSegment_CR.uexp" 1272
"/home/evelyn/Documents/Unreal Projects/Bramble64/Content/Levels/LushHeights/Props/T_BridgeSegment_CR.ubulk" 1273
"/home/evelyn/Documents/Unreal Projects/Bramble64/Content/Levels/LushHeights/Props/T_BridgeSegment_CR.uasset" 1274
"/home/evelyn/Documents/Unreal Projects/Bramble64/Content/Levels/LushHeights/Props/T_BridgeSegment_N.ubulk" 1275
"/home/evelyn/Documents/Unreal Projects/Bramble64/Content/Levels/LushHeights/Props/T_BridgeSegment_N.uasset" 1276
"/home/evelyn/Documents/Unreal Projects/Bramble64/Content/Levels/LushHeights/Props/T_BridgeSegment_N.uexp" 1277
"/home/evelyn/Documents/Unreal Projects/Bramble64/Content/Levels/LushHeights/Props/M_BridgeSegment.uasset" 1278
"/home/evelyn/Documents/Unreal Projects/Bramble64/Content/Levels/LushHeights/Props/M_BridgeSegment.uexp" 1279
"/home/evelyn/Documents/Unreal Projects/Bramble64/Content/Levels/LushHeights/Props/M_BridgeRope.uasset" 1280
"/home/evelyn/Documents/Unreal Projects/Bramble64/Content/Levels/LushHeights/Props/M_BridgeRope.uexp" 1281
"/home/evelyn/Documents/Unreal Projects/Bramble64/Content/Levels/LushHeights/Props/SM_BridgeSegment2.uexp" 1282
"/home/evelyn/Documents/Unreal Projects/Bramble64/Content/Levels/LushHeights/Props/SM_BridgeSegment2.uasset" 1283
"/home/evelyn/Documents/Unreal Projects/Bramble64/Content/Levels/LushHeights/Props/SM_BridgeSegment2.ubulk" 1284
"/home/evelyn/Documents/Unreal Projects/Bramble64/Content/Levels/LushHeights/Props/T_BridgeStart_N.uexp" 1285
"/home/evelyn/Documents/Unreal Projects/Bramble64/Content/Levels/LushHeights/Props/T_BridgeStart_N.uasset" 1286
"/home/evelyn/Documents/Unreal Projects/Bramble64/Content/Levels/LushHeights/Props/T_BridgeStart_N.ubulk" 1287
"/home/evelyn/Documents/Unreal Projects/Bramble64/Content/Levels/LushHeights/Props/T_BridgeStart_CR.uexp" 1288
"/home/evelyn/Documents/Unreal Projects/Bramble64/Content/Levels/LushHeights/Props/T_BridgeStart_CR.uasset" 1289
"/home/evelyn/Documents/Unreal Projects/Bramble64/Content/Levels/LushHeights/Props/T_BridgeStart_CR.ubulk" 1290
"/home/evelyn/Documents/Unreal Projects/Bramble64/Content/Levels/LushHeights/Props/M_BridgeStart.uasset" 1291
"/home/evelyn/Documents/Unreal Projects/Bramble64/Content/Levels/LushHeights/Props/M_BridgeStart.uexp" 1292
"/home/evelyn/Documents/Unreal Projects/Bramble64/Content/Levels/LushHeights/Props/SM_BridgeStart.uexp" 1293
"/home/evelyn/Documents/Unreal Projects/Bramble64/Content/Levels/LushHeights/Props/SM_BridgeStart.uasset" 1294
"/home/evelyn/Documents/Unreal Projects/Bramble64/Content/Levels/LushHeights/Props/SM_BridgeStart.ubulk" 1295
"/home/evelyn/Documents/Unreal Projects/Bramble64/Content/Levels/LushHeights/Props/PCG_LushPillars.uexp" 1296
"/home/evelyn/Documents/Unreal Projects/Bramble64/Content/Levels/LushHeights/Props/PCG_LushPillars.uasset" 1297
"/home/evelyn/Documents/Unreal Projects/Bramble64/Content/Levels/LushHeights/Props/LushPillars/Moss004_2K-PNG_Color.ubulk" 1298
"/home/evelyn/Documents/Unreal Projects/Bramble64/Content/Levels/LushHeights/Props/LushPillars/Moss004_2K-PNG_Color.uexp" 1299
"/home/evelyn/Documents/Unreal Projects/Bramble64/Content/Levels/LushHeights/Props/LushPillars/Moss004_2K-PNG_Color.uasset" 1300
"/home/evelyn/Documents/Unreal Projects/Bramble64/Content/Levels/LushHeights/Props/LushPillars/Moss004_2K-PNG_AmbientOcclusion.uexp" 1301
"/home/evelyn/Documents/Unreal Projects/Bramble64/Content/Levels/LushHeights/Props/LushPillars/Moss004_2K-PNG_AmbientOcclusion.uasset" 1302
"/home/evelyn/Documents/Unreal Projects/Bramble64/Content/Levels/LushHeights/Props/LushPillars/Moss004_2K-PNG_AmbientOcclusion.ubulk" 1303
"/home/evelyn/Documents/Unreal Projects/Bramble64/Content/Levels/LushHeights/Props/LushPillars/Moss004_2K-PNG_NormalDX.uexp" 1304
"/home/evelyn/Documents/Unreal Projects/Bramble64/Content/Levels/LushHeights/Props/LushPillars/Moss004_2K-PNG_NormalDX.uasset" 1305
"/home/evelyn/Documents/Unreal Projects/Bramble64/Content/Levels/LushHeights/Props/LushPillars/Moss004_2K-PNG_NormalDX.ubulk" 1306
"/home/evelyn/Documents/Unreal Projects/Bramble64/Content/Levels/LushHeights/Props/LushPillars/Moss004_2K-PNG_Roughness.uasset" 1307
"/home/evelyn/Documents/Unreal Projects/Bramble64/Content/Levels/LushHeights/Props/LushPillars/Moss004_2K-PNG_Roughness.uexp" 1308
"/home/evelyn/Documents/Unreal Projects/Bramble64/Content/Levels/LushHeights/Props/LushPillars/Moss004_2K-PNG_Roughness.ubulk" 1309
"/home/evelyn/Documents/Unreal Projects/Bramble64/Content/Levels/LushHeights/Props/LushPillars/Rock061_2K-JPG_AmbientOcclusion.uexp" 1310
"/home/evelyn/Documents/Unreal Projects/Bramble64/Content/Levels/LushHeights/Props/LushPillars/Rock061_2K-JPG_AmbientOcclusion.ubulk" 1311
"/home/evelyn/Documents/Unreal Projects/Bramble64/Content/Levels/LushHeights/Props/LushPillars/Rock061_2K-JPG_AmbientOcclusion.uasset" 1312
"/home/evelyn/Documents/Unreal Projects/Bramble64/Content/Levels/LushHeights/Props/LushPillars/Rock061_2K-JPG_Color.uexp" 1313
"/home/evelyn/Documents/Unreal Projects/Bramble64/Content/Levels/LushHeights/Props/LushPillars/Rock061_2K-JPG_Color.uasset" 1314
"/home/evelyn/Documents/Unreal Projects/Bramble64/Content/Levels/LushHeights/Props/LushPillars/Rock061_2K-JPG_Color.ubulk" 1315
"/home/evelyn/Documents/Unreal Projects/Bramble64/Content/Levels/LushHeights/Props/LushPillars/Rock061_2K-JPG_NormalDX.uexp" 1316
"/home/evelyn/Documents/Unreal Projects/Bramble64/Content/Levels/LushHeights/Props/LushPillars/Rock061_2K-JPG_NormalDX.ubulk" 1317
"/home/evelyn/Documents/Unreal Projects/Bramble64/Content/Levels/LushHeights/Props/LushPillars/Rock061_2K-JPG_NormalDX.uasset" 1318
"/home/evelyn/Documents/Unreal Projects/Bramble64/Content/Levels/LushHeights/Props/LushPillars/Rock061_2K-JPG_Roughness.uexp" 1319
"/home/evelyn/Documents/Unreal Projects/Bramble64/Content/Levels/LushHeights/Props/LushPillars/Rock061_2K-JPG_Roughness.ubulk" 1320
"/home/evelyn/Documents/Unreal Projects/Bramble64/Content/Levels/LushHeights/Props/LushPillars/Rock061_2K-JPG_Roughness.uasset" 1321
"/home/evelyn/Documents/Unreal Projects/Bramble64/Content/Levels/LushHeights/Props/LushPillars/T_LushPillar1_M.uasset" 1322
"/home/evelyn/Documents/Unreal Projects/Bramble64/Content/Levels/LushHeights/Props/LushPillars/T_LushPillar1_M.uptnl" 1323
"/home/evelyn/Documents/Unreal Projects/Bramble64/Content/Levels/LushHeights/Props/LushPillars/T_LushPillar1_M.ubulk" 1324
"/home/evelyn/Documents/Unreal Projects/Bramble64/Content/Levels/LushHeights/Props/LushPillars/T_LushPillar1_M.uexp" 1325
"/home/evelyn/Documents/Unreal Projects/Bramble64/Content/Levels/LushHeights/Props/LushPillars/M_LushPillar.uexp" 1326
"/home/evelyn/Documents/Unreal Projects/Bramble64/Content/Levels/LushHeights/Props/LushPillars/M_LushPillar.uasset" 1327
"/home/evelyn/Documents/Unreal Projects/Bramble64/Content/Levels/LushHeights/Props/LushPillars/SM_LushPillar1.uexp" 1328
"/home/evelyn/Documents/Unreal Projects/Bramble64/Content/Levels/LushHeights/Props/LushPillars/SM_LushPillar1.uasset" 1329
"/home/evelyn/Documents/Unreal Projects/Bramble64/Content/Levels/LushHeights/Props/LushPillars/SM_LushPillar1.ubulk" 1330
"/home/evelyn/Documents/Unreal Projects/Bramble64/Content/Levels/LushHeights/Props/LushPillars/T_LushPillar3_M.ubulk" 1331
"/home/evelyn/Documents/Unreal Projects/Bramble64/Content/Levels/LushHeights/Props/LushPillars/T_LushPillar3_M.uexp" 1332
"/home/evelyn/Documents/Unreal Projects/Bramble64/Content/Levels/LushHeights/Props/LushPillars/T_LushPillar3_M.uasset" 1333
"/home/evelyn/Documents/Unreal Projects/Bramble64/Content/Levels/LushHeights/Props/LushPillars/MI_LushPillar_3.uexp" 1334
"/home/evelyn/Documents/Unreal Projects/Bramble64/Content/Levels/LushHeights/Props/LushPillars/MI_LushPillar_3.uasset" 1335
"/home/evelyn/Documents/Unreal Projects/Bramble64/Content/Levels/LushHeights/Props/LushPillars/SM_LushPillar3.uexp" 1336
"/home/evelyn/Documents/Unreal Projects/Bramble64/Content/Levels/LushHeights/Props/LushPillars/SM_LushPillar3.uasset" 1337
"/home/evelyn/Documents/Unreal Projects/Bramble64/Content/Levels/LushHeights/Props/LushPillars/SM_LushPillar3.ubulk" 1338
"/home/evelyn/Documents/Unreal Projects/Bramble64/Content/Levels/LushHeights/Props/LushPillars/T_LushArch1_M.uasset" 1339
"/home/evelyn/Documents/Unreal Projects/Bramble64/Content/Levels/LushHeights/Props/LushPillars/T_LushArch1_M.ubulk" 1340
"/home/evelyn/Documents/Unreal Projects/Bramble64/Content/Levels/LushHeights/Props/LushPillars/T_LushArch1_M.uexp" 1341
"/home/evelyn/Documents/Unreal Projects/Bramble64/Content/Levels/LushHeights/Props/LushPillars/MI_LushArch_1.uexp" 1342
"/home/evelyn/Documents/Unreal Projects/Bramble64/Content/Levels/LushHeights/Props/LushPillars/MI_LushArch_1.uasset" 1343
"/home/evelyn/Documents/Unreal Projects/Bramble64/Content/Levels/LushHeights/Props/LushPillars/SM_LushArch1.ubulk" 1344
"/home/evelyn/Documents/Unreal Projects/Bramble64/Content/Levels/LushHeights/Props/LushPillars/SM_LushArch1.uexp" 1345
"/home/evelyn/Documents/Unreal Projects/Bramble64/Content/Levels/LushHeights/Props/LushPillars/SM_LushArch1.uasset" 1346
"/home/evelyn/Documents/Unreal Projects/Bramble64/Content/Levels/LushHeights/Props/PCG_PavedBridge.uexp" 1347
"/home/evelyn/Documents/Unreal Projects/Bramble64/Content/Levels/LushHeights/Props/PCG_PavedBridge.uasset" 1348
"/home/evelyn/Documents/Unreal Projects/Bramble64/Content/Levels/LushHeights/Props/PavedPillars/PavingStones076_2K-JPG_Color.uexp" 1349
"/home/evelyn/Documents/Unreal Projects/Bramble64/Content/Levels/LushHeights/Props/PavedPillars/PavingStones076_2K-JPG_Color.ubulk" 1350
"/home/evelyn/Documents/Unreal Projects/Bramble64/Content/Levels/LushHeights/Props/PavedPillars/PavingStones076_2K-JPG_Color.uasset" 1351
"/home/evelyn/Documents/Unreal Projects/Bramble64/Content/Levels/LushHeights/Props/PavedPillars/PavingStones076_2K-JPG_Roughness.ubulk" 1352
"/home/evelyn/Documents/Unreal Projects/Bramble64/Content/Levels/LushHeights/Props/PavedPillars/PavingStones076_2K-JPG_Roughness.uasset" 1353
"/home/evelyn/Documents/Unreal Projects/Bramble64/Content/Levels/LushHeights/Props/PavedPillars/PavingStones076_2K-JPG_Roughness.uexp" 1354
"/home/evelyn/Documents/Unreal Projects/Bramble64/Content/Levels/LushHeights/Props/PavedPillars/PavingStones076_2K-JPG_NormalDX.uasset" 1355
"/home/evelyn/Documents/Unreal Projects/Bramble64/Content/Levels/LushHeights/Props/PavedPillars/PavingStones076_2K-JPG_NormalDX.ubulk" 1356
"/home/evelyn/Documents/Unreal Projects/Bramble64/Content/Levels/LushHeights/Props/PavedPillars/PavingStones076_2K-JPG_NormalDX.uexp" 1357
"/home/evelyn/Documents/Unreal Projects/Bramble64/Content/Levels/LushHeights/Props/PavedPillars/PavingStones076_2K-JPG_AmbientOcclusion.uexp" 1358
"/home/evelyn/Documents/Unreal Projects/Bramble64/Content/Levels/LushHeights/Props/PavedPillars/PavingStones076_2K-JPG_AmbientOcclusion.uasset" 1359
"/home/evelyn/Documents/Unreal Projects/Bramble64/Content/Levels/LushHeights/Props/PavedPillars/PavingStones076_2K-JPG_AmbientOcclusion.ubulk" 1360
"/home/evelyn/Documents/Unreal Projects/Bramble64/Content/Levels/LushHeights/Props/PavedPillars/Material_006.uasset" 1361
"/home/evelyn/Documents/Unreal Projects/Bramble64/Content/Levels/LushHeights/Props/PavedPillars/Material_006.uexp" 1362
"/home/evelyn/Documents/Unreal Projects/Bramble64/Content/Levels/LushHeights/Props/PavedPillars/Bricks076A_2K-JPG_AmbientOcclusion.uasset" 1363
"/home/evelyn/Documents/Unreal Projects/Bramble64/Content/Levels/LushHeights/Props/PavedPillars/Bricks076A_2K-JPG_AmbientOcclusion.uexp" 1364
"/home/evelyn/Documents/Unreal Projects/Bramble64/Content/Levels/LushHeights/Props/PavedPillars/Bricks076A_2K-JPG_AmbientOcclusion.ubulk" 1365
"/home/evelyn/Documents/Unreal Projects/Bramble64/Content/Levels/LushHeights/Props/PavedPillars/Bricks076A_2K-JPG_Roughness.uexp" 1366
"/home/evelyn/Documents/Unreal Projects/Bramble64/Content/Levels/LushHeights/Props/PavedPillars/Bricks076A_2K-JPG_Roughness.ubulk" 1367
"/home/evelyn/Documents/Unreal Projects/Bramble64/Content/Levels/LushHeights/Props/PavedPillars/Bricks076A_2K-JPG_Roughness.uasset" 1368
"/home/evelyn/Documents/Unreal Projects/Bramble64/Content/Levels/LushHeights/Props/PavedPillars/Bricks076A_2K-JPG_Color.uasset" 1369
"/home/evelyn/Documents/Unreal Projects/Bramble64/Content/Levels/LushHeights/Props/PavedPillars/Bricks076A_2K-JPG_Color.ubulk" 1370
"/home/evelyn/Documents/Unreal Projects/Bramble64/Content/Levels/LushHeights/Props/PavedPillars/Bricks076A_2K-JPG_Color.uexp" 1371
"/home/evelyn/Documents/Unreal Projects/Bramble64/Content/Levels/LushHeights/Props/PavedPillars/Bricks076A_2K-JPG_NormalDX.uasset" 1372
"/home/evelyn/Documents/Unreal Projects/Bramble64/Content/Levels/LushHeights/Props/PavedPillars/Bricks076A_2K-JPG_NormalDX.uexp" 1373
"/home/evelyn/Documents/Unreal Projects/Bramble64/Content/Levels/LushHeights/Props/PavedPillars/Bricks076A_2K-JPG_NormalDX.ubulk" 1374
"/home/evelyn/Documents/Unreal Projects/Bramble64/Content/Levels/LushHeights/Props/PavedPillars/Material1.uexp" 1375
"/home/evelyn/Documents/Unreal Projects/Bramble64/Content/Levels/LushHeights/Props/PavedPillars/Material1.uasset" 1376
"/home/evelyn/Documents/Unreal Projects/Bramble64/Content/Levels/LushHeights/Props/PavedBridge/SM_PavedBridgeSegment.ubulk" 1377
"/home/evelyn/Documents/Unreal Projects/Bramble64/Content/Levels/LushHeights/Props/PavedBridge/SM_PavedBridgeSegment.uexp" 1378
"/home/evelyn/Documents/Unreal Projects/Bramble64/Content/Levels/LushHeights/Props/PavedBridge/SM_PavedBridgeSegment.uasset" 1379
"/home/evelyn/Documents/Unreal Projects/Bramble64/Content/Levels/LushHeights/Props/PCG_Bridge.uexp" 1380
"/home/evelyn/Documents/Unreal Projects/Bramble64/Content/Levels/LushHeights/Props/PCG_Bridge.uasset" 1381
"/home/evelyn/Documents/Unreal Projects/Bramble64/Content/Levels/LushHeights/Props/BP_BridgeSpline.uasset" 1382
"/home/evelyn/Documents/Unreal Projects/Bramble64/Content/Levels/LushHeights/Props/BP_BridgeSpline.uexp" 1383
"../../../Engine/Content/Functions/Engine_MaterialFunctions01/Texturing/ComputeMipLevel.uexp" 1384
"../../../Engine/Content/Functions/Engine_MaterialFunctions01/Texturing/ComputeMipLevel.uasset" 1385
"../../../Engine/Content/Functions/Engine_MaterialFunctions02/ExampleContent/Textures/DebugNumberPeriod.uexp" 1386
"../../../Engine/Content/Functions/Engine_MaterialFunctions02/ExampleContent/Textures/DebugNumberPeriod.uasset" 1387
"../../../Engine/Content/Functions/Engine_MaterialFunctions02/Utility/DebugScalarValues.uexp" 1388
"../../../Engine/Content/Functions/Engine_MaterialFunctions02/Utility/DebugScalarValues.uasset" 1389
"../../../Engine/Content/Functions/Engine_MaterialFunctions02/Utility/DebugFloat3Values.uasset" 1390
"../../../Engine/Content/Functions/Engine_MaterialFunctions02/Utility/DebugFloat3Values.uexp" 1391
"../../../Engine/Content/Functions/Engine_MaterialFunctions02/Math/RGBtoHSV.uasset" 1392
"../../../Engine/Content/Functions/Engine_MaterialFunctions02/Math/RGBtoHSV.uexp" 1393
"../../../Engine/Content/Functions/Engine_MaterialFunctions02/Fresnel_Function.uasset" 1394
"../../../Engine/Content/Functions/Engine_MaterialFunctions02/Fresnel_Function.uexp" 1395
"../../../Engine/Content/Functions/Engine_MaterialFunctions02/Texturing/CustomRotator.uasset" 1396
"../../../Engine/Content/Functions/Engine_MaterialFunctions02/Texturing/CustomRotator.uexp" 1397
"../../../Engine/Plugins/Enterprise/DatasmithContent/Content/Materials/FBXImporter/VRED/VREDRepeatMode.uasset" 1398
"../../../Engine/Plugins/Enterprise/DatasmithContent/Content/Materials/FBXImporter/VRED/VREDRepeatMode.uexp" 1399
"../../../Engine/Plugins/Enterprise/DatasmithContent/Content/Materials/FBXImporter/VRED/UVMapping.uexp" 1400
"../../../Engine/Plugins/Enterprise/DatasmithContent/Content/Materials/FBXImporter/VRED/UVMapping.uasset" 1401
"../../../Engine/Plugins/Enterprise/DatasmithContent/Content/Materials/FBXImporter/VRED/TriplanarMapping.uasset" 1402
"../../../Engine/Plugins/Enterprise/DatasmithContent/Content/Materials/FBXImporter/VRED/TriplanarMapping.uexp" 1403
"../../../Engine/Plugins/Enterprise/DatasmithContent/Content/Materials/FBXImporter/VRED/PlanarMapping.uasset" 1404
"../../../Engine/Plugins/Enterprise/DatasmithContent/Content/Materials/FBXImporter/VRED/PlanarMapping.uexp" 1405
"../../../Engine/Plugins/Enterprise/DatasmithContent/Content/Materials/FBXImporter/VRED/VREDTextureRead.uexp" 1406
"../../../Engine/Plugins/Enterprise/DatasmithContent/Content/Materials/FBXImporter/VRED/VREDTextureRead.uasset" 1407
"../../../Engine/Content/Functions/Engine_MaterialFunctions01/Texturing/BakedDisplacement.uexp" 1408
"../../../Engine/Content/Functions/Engine_MaterialFunctions01/Texturing/BakedDisplacement.uasset" 1409
"../../../Engine/Plugins/Enterprise/DatasmithContent/Content/Materials/FBXImporter/VRED/ProcessNormal.uasset" 1410
"../../../Engine/Plugins/Enterprise/DatasmithContent/Content/Materials/FBXImporter/VRED/ProcessNormal.uexp" 1411
"../../../Engine/Plugins/Enterprise/DatasmithContent/Content/Materials/FBXImporter/VRED/Glass.uexp" 1412
"../../../Engine/Plugins/Enterprise/DatasmithContent/Content/Materials/FBXImporter/VRED/Glass.uasset" 1413
"/home/evelyn/Documents/Unreal Projects/Bramble64/Content/Levels/LushHeights/_GENERATED/evelyn/Bridge.ubulk" 1414
"/home/evelyn/Documents/Unreal Projects/Bramble64/Content/Levels/LushHeights/_GENERATED/evelyn/Bridge.uexp" 1415
"/home/evelyn/Documents/Unreal Projects/Bramble64/Content/Levels/LushHeights/_GENERATED/evelyn/Bridge.uasset" 1416
"/home/evelyn/Documents/Unreal Projects/Bramble64/Content/Levels/LushHeights/_GENERATED/evelyn/Boolean_5CE52C4C.uexp" 1417
"/home/evelyn/Documents/Unreal Projects/Bramble64/Content/Levels/LushHeights/_GENERATED/evelyn/Boolean_5CE52C4C.uasset" 1418
"/home/evelyn/Documents/Unreal Projects/Bramble64/Content/Levels/LushHeights/_GENERATED/evelyn/Boolean_5CE52C4C.ubulk" 1419
"/home/evelyn/Documents/Unreal Projects/Bramble64/Content/Levels/LushHeights/Props/WoodenPlatforms/Planks005_2K-JPG_Color.uasset" 1420
"/home/evelyn/Documents/Unreal Projects/Bramble64/Content/Levels/LushHeights/Props/WoodenPlatforms/Planks005_2K-JPG_Color.uexp" 1421
"/home/evelyn/Documents/Unreal Projects/Bramble64/Content/Levels/LushHeights/Props/WoodenPlatforms/Planks005_2K-JPG_Color.ubulk" 1422
"/home/evelyn/Documents/Unreal Projects/Bramble64/Content/Levels/LushHeights/Props/WoodenPlatforms/Planks005_2K-JPG_NormalDX.uexp" 1423
"/home/evelyn/Documents/Unreal Projects/Bramble64/Content/Levels/LushHeights/Props/WoodenPlatforms/Planks005_2K-JPG_NormalDX.ubulk" 1424
"/home/evelyn/Documents/Unreal Projects/Bramble64/Content/Levels/LushHeights/Props/WoodenPlatforms/Planks005_2K-JPG_NormalDX.uasset" 1425
"/home/evelyn/Documents/Unreal Projects/Bramble64/Content/Levels/LushHeights/Props/WoodenPlatforms/Planks005_2K-JPG_Roughness.uexp" 1426
"/home/evelyn/Documents/Unreal Projects/Bramble64/Content/Levels/LushHeights/Props/WoodenPlatforms/Planks005_2K-JPG_Roughness.uasset" 1427
"/home/evelyn/Documents/Unreal Projects/Bramble64/Content/Levels/LushHeights/Props/WoodenPlatforms/Planks005_2K-JPG_Roughness.ubulk" 1428
"/home/evelyn/Documents/Unreal Projects/Bramble64/Content/Levels/LushHeights/Props/WoodenPlatforms/Material1.uexp" 1429
"/home/evelyn/Documents/Unreal Projects/Bramble64/Content/Levels/LushHeights/Props/WoodenPlatforms/Material1.uasset" 1430
"/home/evelyn/Documents/Unreal Projects/Bramble64/Content/Levels/LushHeights/Props/Waterfall/M_Voronoi.uexp" 1431
"/home/evelyn/Documents/Unreal Projects/Bramble64/Content/Levels/LushHeights/Props/Waterfall/M_Voronoi.uasset" 1432
"/home/evelyn/Documents/Unreal Projects/Bramble64/Content/Levels/LushHeights/Props/Waterfall/SM_LHWaterfall1.uexp" 1433
"/home/evelyn/Documents/Unreal Projects/Bramble64/Content/Levels/LushHeights/Props/Waterfall/SM_LHWaterfall1.uasset" 1434
"/home/evelyn/Documents/Unreal Projects/Bramble64/Content/Levels/LushHeights/Props/Waterfall/SM_LHWaterfall1.ubulk" 1435
"/home/evelyn/Documents/Unreal Projects/Bramble64/Content/Levels/LushHeights/Props/PavedPillars/Material.uexp" 1436
"/home/evelyn/Documents/Unreal Projects/Bramble64/Content/Levels/LushHeights/Props/PavedPillars/Material.uasset" 1437
"/home/evelyn/Documents/Unreal Projects/Bramble64/Content/Levels/LushHeights/Props/PavedPillars/Material_002.uasset" 1438
"/home/evelyn/Documents/Unreal Projects/Bramble64/Content/Levels/LushHeights/Props/PavedPillars/Material_002.uexp" 1439
"/home/evelyn/Documents/Unreal Projects/Bramble64/Content/Levels/LushHeights/Props/PavedPillars/SM_PavedPillar3.ubulk" 1440
"/home/evelyn/Documents/Unreal Projects/Bramble64/Content/Levels/LushHeights/Props/PavedPillars/SM_PavedPillar3.uexp" 1441
"/home/evelyn/Documents/Unreal Projects/Bramble64/Content/Levels/LushHeights/Props/PavedPillars/SM_PavedPillar3.uasset" 1442
"/home/evelyn/Documents/Unreal Projects/Bramble64/Content/Levels/LushHeights/Props/PavedPillars/Grass007_2K-JPG_AmbientOcclusion.uasset" 1443
"/home/evelyn/Documents/Unreal Projects/Bramble64/Content/Levels/LushHeights/Props/PavedPillars/Grass007_2K-JPG_AmbientOcclusion.ubulk" 1444
"/home/evelyn/Documents/Unreal Projects/Bramble64/Content/Levels/LushHeights/Props/PavedPillars/Grass007_2K-JPG_AmbientOcclusion.uexp" 1445
"/home/evelyn/Documents/Unreal Projects/Bramble64/Content/Levels/LushHeights/Props/PavedPillars/Grass007_2K-JPG_Roughness.uexp" 1446
"/home/evelyn/Documents/Unreal Projects/Bramble64/Content/Levels/LushHeights/Props/PavedPillars/Grass007_2K-JPG_Roughness.ubulk" 1447
"/home/evelyn/Documents/Unreal Projects/Bramble64/Content/Levels/LushHeights/Props/PavedPillars/Grass007_2K-JPG_Roughness.uasset" 1448
"/home/evelyn/Documents/Unreal Projects/Bramble64/Content/Levels/LushHeights/Props/PavedPillars/Grass007_2K-JPG_NormalDX.uexp" 1449
"/home/evelyn/Documents/Unreal Projects/Bramble64/Content/Levels/LushHeights/Props/PavedPillars/Grass007_2K-JPG_NormalDX.uasset" 1450
"/home/evelyn/Documents/Unreal Projects/Bramble64/Content/Levels/LushHeights/Props/PavedPillars/Grass007_2K-JPG_NormalDX.ubulk" 1451
"/home/evelyn/Documents/Unreal Projects/Bramble64/Content/Levels/LushHeights/Props/PavedPillars/Grass007_2K-JPG_Color.uexp" 1452
"/home/evelyn/Documents/Unreal Projects/Bramble64/Content/Levels/LushHeights/Props/PavedPillars/Grass007_2K-JPG_Color.uasset" 1453
"/home/evelyn/Documents/Unreal Projects/Bramble64/Content/Levels/LushHeights/Props/PavedPillars/Grass007_2K-JPG_Color.ubulk" 1454
"/home/evelyn/Documents/Unreal Projects/Bramble64/Content/Levels/LushHeights/Props/PavedPillars/Material_001.uexp" 1455
"/home/evelyn/Documents/Unreal Projects/Bramble64/Content/Levels/LushHeights/Props/PavedPillars/Material_001.uasset" 1456
"/home/evelyn/Documents/Unreal Projects/Bramble64/Content/Levels/LushHeights/Props/PavedPillars/SM_PavedPillar1.uexp" 1457
"/home/evelyn/Documents/Unreal Projects/Bramble64/Content/Levels/LushHeights/Props/PavedPillars/SM_PavedPillar1.ubulk" 1458
"/home/evelyn/Documents/Unreal Projects/Bramble64/Content/Levels/LushHeights/Props/PavedPillars/SM_PavedPillar1.uasset" 1459
"/home/evelyn/Documents/Unreal Projects/Bramble64/Content/Levels/LushHeights/Props/PavedPillars/Material_004.uexp" 1460
"/home/evelyn/Documents/Unreal Projects/Bramble64/Content/Levels/LushHeights/Props/PavedPillars/Material_004.uasset" 1461
"/home/evelyn/Documents/Unreal Projects/Bramble64/Content/Levels/LushHeights/Props/PavedPillars/Material_003.uexp" 1462
"/home/evelyn/Documents/Unreal Projects/Bramble64/Content/Levels/LushHeights/Props/PavedPillars/Material_003.uasset" 1463
"/home/evelyn/Documents/Unreal Projects/Bramble64/Content/Levels/LushHeights/Props/PavedPillars/Material_005.uexp" 1464
"/home/evelyn/Documents/Unreal Projects/Bramble64/Content/Levels/LushHeights/Props/PavedPillars/Material_005.uasset" 1465
"/home/evelyn/Documents/Unreal Projects/Bramble64/Content/Levels/LushHeights/Props/PavedPillars/SM_PavedPillar2.uasset" 1466
"/home/evelyn/Documents/Unreal Projects/Bramble64/Content/Levels/LushHeights/Props/PavedPillars/SM_PavedPillar2.ubulk" 1467
"/home/evelyn/Documents/Unreal Projects/Bramble64/Content/Levels/LushHeights/Props/PavedPillars/SM_PavedPillar2.uexp" 1468
"/home/evelyn/Documents/Unreal Projects/Bramble64/Content/Levels/LushHeights/Props/LushPillars/SM_LushPillar2.uexp" 1469
"/home/evelyn/Documents/Unreal Projects/Bramble64/Content/Levels/LushHeights/Props/LushPillars/SM_LushPillar2.ubulk" 1470
"/home/evelyn/Documents/Unreal Projects/Bramble64/Content/Levels/LushHeights/Props/LushPillars/SM_LushPillar2.uasset" 1471
"/home/evelyn/Documents/Unreal Projects/Bramble64/Content/Levels/LushHeights/Props/LushPillars/T_LushPillar2_M.ubulk" 1472
"/home/evelyn/Documents/Unreal Projects/Bramble64/Content/Levels/LushHeights/Props/LushPillars/T_LushPillar2_M.uexp" 1473
"/home/evelyn/Documents/Unreal Projects/Bramble64/Content/Levels/LushHeights/Props/LushPillars/T_LushPillar2_M.uasset" 1474
"/home/evelyn/Documents/Unreal Projects/Bramble64/Content/Levels/LushHeights/Props/LushPillars/T_LushPillar2_M.uptnl" 1475
"/home/evelyn/Documents/Unreal Projects/Bramble64/Content/Levels/LushHeights/Props/LushPillars/MI_LushPillar_2.uasset" 1476
"/home/evelyn/Documents/Unreal Projects/Bramble64/Content/Levels/LushHeights/Props/LushPillars/MI_LushPillar_2.uexp" 1477
"/home/evelyn/Documents/Unreal Projects/Bramble64/Content/Levels/LushHeights/Props/LushPillars/SM_LushPillar4.uasset" 1478
"/home/evelyn/Documents/Unreal Projects/Bramble64/Content/Levels/LushHeights/Props/LushPillars/SM_LushPillar4.uexp" 1479
"/home/evelyn/Documents/Unreal Projects/Bramble64/Content/Levels/LushHeights/Props/LushPillars/SM_LushPillar4.ubulk" 1480
"/home/evelyn/Documents/Unreal Projects/Bramble64/Content/Levels/LushHeights/Props/FinalPillar/SM_FinalPillar.uexp" 1481
"/home/evelyn/Documents/Unreal Projects/Bramble64/Content/Levels/LushHeights/Props/FinalPillar/SM_FinalPillar.ubulk" 1482
"/home/evelyn/Documents/Unreal Projects/Bramble64/Content/Levels/LushHeights/Props/FinalPillar/SM_FinalPillar.uasset" 1483
"/home/evelyn/Documents/Unreal Projects/Bramble64/Content/Levels/LushHeights/Props/FinalPillar/SM_FinalPillar_Stairs.uexp" 1484
"/home/evelyn/Documents/Unreal Projects/Bramble64/Content/Levels/LushHeights/Props/FinalPillar/SM_FinalPillar_Stairs.uasset" 1485
"/home/evelyn/Documents/Unreal Projects/Bramble64/Content/Levels/LushHeights/Props/FinalPillar/SM_FinalPillar_Stairs.ubulk" 1486
"/home/evelyn/Documents/Unreal Projects/Bramble64/Content/Audio/Music/W_BrambleLap1_FeelingSHOCKED.uexp" 1487
"/home/evelyn/Documents/Unreal Projects/Bramble64/Content/Audio/Music/W_BrambleLap1_FeelingSHOCKED.ubulk" 1488
"/home/evelyn/Documents/Unreal Projects/Bramble64/Content/Audio/Music/W_BrambleLap1_FeelingSHOCKED.uasset" 1489
"/home/evelyn/Documents/Unreal Projects/Bramble64/Content/Audio/Music/W_LushHeights.uasset" 1490
"/home/evelyn/Documents/Unreal Projects/Bramble64/Content/Audio/Music/W_LushHeights.ubulk" 1491
"/home/evelyn/Documents/Unreal Projects/Bramble64/Content/Audio/Music/W_LushHeights.uexp" 1492
"/home/evelyn/Documents/Unreal Projects/Bramble64/Content/Levels/LushHeights/LushHeights.umap" 1493
"/home/evelyn/Documents/Unreal Projects/Bramble64/Content/Levels/LushHeights/LushHeights.uexp" 1494
"/home/evelyn/Documents/Unreal Projects/Bramble64/Content/Levels/Hub/M_Mirror.uasset" 1495
"/home/evelyn/Documents/Unreal Projects/Bramble64/Content/Levels/Hub/M_Mirror.uexp" 1496
"/home/evelyn/Documents/Unreal Projects/Bramble64/Content/Audio/Music/W_Hub.ubulk" 1497
"/home/evelyn/Documents/Unreal Projects/Bramble64/Content/Audio/Music/W_Hub.uasset" 1498
"/home/evelyn/Documents/Unreal Projects/Bramble64/Content/Audio/Music/W_Hub.uexp" 1499
"/home/evelyn/Documents/Unreal Projects/Bramble64/Content/Levels/Hub/Hub.umap" 1500
"/home/evelyn/Documents/Unreal Projects/Bramble64/Content/Levels/Hub/Hub.uexp" 1501
